"scientific_name","Decade","ct","mean_ct_months","sd_ct_months","ct_anomaly_months","ct_anomaly_days","cor","group","trend_ddec"
"Argentina sialis",1955,9.08183183183183,7.187422854182,1.08190621046923,1.89440897764983,57.665809279661,-0.668686542439754,"earlier",-1.01942071497786
"Argentina sialis",1965,7.03306869407253,7.187422854182,1.08190621046923,-0.154354160109468,-4.69854063373219,-0.668686542439754,"earlier",-1.01942071497786
"Argentina sialis",1975,6.74311274832885,7.187422854182,1.08190621046923,-0.444310105853143,-13.5247996221697,-0.668686542439754,"earlier",-1.01942071497786
"Argentina sialis",1985,7.43988942209221,7.187422854182,1.08190621046923,0.252466567910217,7.685082327187,-0.668686542439754,"earlier",-1.01942071497786
"Argentina sialis",1995,6.85691796453132,7.187422854182,1.08190621046923,-0.33050488965068,-10.0605688409667,-0.668686542439754,"earlier",-1.01942071497786
"Argentina sialis",2005,7.65065336908176,7.187422854182,1.08190621046923,0.463230514899768,14.1007368735489,-0.668686542439754,"earlier",-1.01942071497786
"Argentina sialis",2015,5.50648594933547,7.187422854182,1.08190621046923,-1.68093690484653,-51.1677193835282,-0.668686542439754,"earlier",-1.01942071497786
"Aristostomias scintillans",1965,6.49168548552659,7.80773714968576,0.87260453666582,-1.31605166415917,-40.0606126570051,0.558291729095416,"later",0.770943314376525
"Aristostomias scintillans",1985,8.58747746559381,7.80773714968576,0.87260453666582,0.779740315908055,23.7352952162412,0.558291729095416,"later",0.770943314376525
"Aristostomias scintillans",1995,8.28327321055629,7.80773714968576,0.87260453666582,0.475536060870538,14.4753176928992,0.558291729095416,"later",0.770943314376525
"Aristostomias scintillans",2005,7.3493577713276,7.80773714968576,0.87260453666582,-0.458379378358157,-13.9530682772223,0.558291729095416,"later",0.770943314376525
"Aristostomias scintillans",2015,8.32689181542449,7.80773714968576,0.87260453666582,0.519154665738731,15.803068025087,0.558291729095416,"later",0.770943314376525
"Bathophilus flemingi",1955,6.11471518987342,5.28439045825657,0.947918418150487,0.830324731616846,25.2750848304168,-0.555605095687723,"earlier",-0.692037325984602
"Bathophilus flemingi",1965,5.43051861702128,5.28439045825657,0.947918418150487,0.146128158764704,4.44814115279758,-0.555605095687723,"earlier",-0.692037325984602
"Bathophilus flemingi",1985,4.80508862635783,5.28439045825657,0.947918418150487,-0.479301831898738,-14.5899477629976,-0.555605095687723,"earlier",-0.692037325984602
"Bathophilus flemingi",1995,5.92142747740848,5.28439045825657,0.947918418150487,0.637037019151912,19.3914068629842,-0.555605095687723,"earlier",-0.692037325984602
"Bathophilus flemingi",2005,5.83604937051247,5.28439045825657,0.947918418150487,0.551658912255895,16.7924972890695,-0.555605095687723,"earlier",-0.692037325984602
"Bathophilus flemingi",2015,3.59854346836595,5.28439045825657,0.947918418150487,-1.68584698989062,-51.3171823722704,-0.555605095687723,"earlier",-0.692037325984602
"Bathylagoides wesethi",1955,5.63089788950194,6.62989175718843,0.512688347380298,-0.998993867686494,-30.4093733323769,0.605509406146279,"later",0.437437084460438
"Bathylagoides wesethi",1965,6.39797394817523,6.62989175718843,0.512688347380298,-0.231917809013203,-7.05957810636191,0.605509406146279,"later",0.437437084460438
"Bathylagoides wesethi",1975,6.76992095895079,6.62989175718843,0.512688347380298,0.140029201762352,4.26248890164599,0.605509406146279,"later",0.437437084460438
"Bathylagoides wesethi",1985,7.08310738316775,6.62989175718843,0.512688347380298,0.45321562597932,13.7958836548105,0.605509406146279,"later",0.437437084460438
"Bathylagoides wesethi",1995,7.11603407485958,6.62989175718843,0.512688347380298,0.486142317671144,14.7981721499096,0.605509406146279,"later",0.437437084460438
"Bathylagoides wesethi",2005,6.86766429353252,6.62989175718843,0.512688347380298,0.237772536344082,7.23779600631385,0.605509406146279,"later",0.437437084460438
"Bathylagoides wesethi",2015,6.54364375213123,6.62989175718843,0.512688347380298,-0.0862480050572021,-2.62538927394123,0.605509406146279,"later",0.437437084460438
"Bathylagus pacificus",1955,10.6354515050167,8.69679941410482,0.928739900109919,1.93865209091191,59.0125696473584,-0.732595024640555,"earlier",-0.958736642856029
"Bathylagus pacificus",1965,8.44751291989664,8.69679941410482,0.928739900109919,-0.249286494208176,-7.58828088369689,-0.732595024640555,"earlier",-0.958736642856029
"Bathylagus pacificus",1975,8.4035903124827,8.69679941410482,0.928739900109919,-0.293209101622121,-8.92528505337738,-0.732595024640555,"earlier",-0.958736642856029
"Bathylagus pacificus",1985,8.6836192544248,8.69679941410482,0.928739900109919,-0.0131801596800152,-0.401204060659662,-0.732595024640555,"earlier",-0.958736642856029
"Bathylagus pacificus",1995,8.61979679831089,8.69679941410482,0.928739900109919,-0.0770026157939299,-2.34395962476722,-0.732595024640555,"earlier",-0.958736642856029
"Bathylagus pacificus",2005,8.4965667655846,8.69679941410482,0.928739900109919,-0.20023264852022,-6.09508182095551,-0.732595024640555,"earlier",-0.958736642856029
"Bathylagus pacificus",2015,7.59105834301737,8.69679941410482,0.928739900109919,-1.10574107108745,-33.6587582039018,-0.732595024640555,"earlier",-0.958736642856029
"Brosmophycis marginata",1955,5.58049521766336,5.06928383106881,1.00456104205224,0.51121138659455,15.5612746079381,-0.535625387539508,"earlier",-0.758191205949374
"Brosmophycis marginata",1965,5.61605061605062,5.06928383106881,1.00456104205224,0.546766784981807,16.6435809348462,-0.535625387539508,"earlier",-0.758191205949374
"Brosmophycis marginata",1975,6.05737222946708,5.06928383106881,1.00456104205224,0.98808839839827,30.0774108472433,-0.535625387539508,"earlier",-0.758191205949374
"Brosmophycis marginata",1985,5.25139315943384,5.06928383106881,1.00456104205224,0.182109328365033,5.54340795543159,-0.535625387539508,"earlier",-0.758191205949374
"Brosmophycis marginata",1995,3.16846929397403,5.06928383106881,1.00456104205224,-1.90081453709478,-57.8607945091651,-0.535625387539508,"earlier",-0.758191205949374
"Brosmophycis marginata",2005,5.54529260593847,5.06928383106881,1.00456104205224,0.476008774869658,14.4897071070324,-0.535625387539508,"earlier",-0.758191205949374
"Brosmophycis marginata",2015,4.26591369495427,5.06928383106881,1.00456104205224,-0.803370136114535,-24.4545869433264,-0.535625387539508,"earlier",-0.758191205949374
"Ceratoscopelus townsendi",1955,6.60574155027189,6.72295127933208,0.429467710787215,-0.117209729060195,-3.56786415259234,-0.537579326917488,"earlier",-0.325322674567191
"Ceratoscopelus townsendi",1965,7.11984663902948,6.72295127933208,0.429467710787215,0.396895359697396,12.0814947491887,-0.537579326917488,"earlier",-0.325322674567191
"Ceratoscopelus townsendi",1975,6.72449350772589,6.72295127933208,0.429467710787215,0.00154222839380491,0.0469454323074215,-0.537579326917488,"earlier",-0.325322674567191
"Ceratoscopelus townsendi",1985,7.27678367602692,6.72295127933208,0.429467710787215,0.55383239669484,16.8586581553909,-0.537579326917488,"earlier",-0.325322674567191
"Ceratoscopelus townsendi",1995,6.92518487819879,6.72295127933208,0.429467710787215,0.202233598866712,6.15599074950272,-0.537579326917488,"earlier",-0.325322674567191
"Ceratoscopelus townsendi",2005,6.36205516744047,6.72295127933208,0.429467710787215,-0.36089611189161,-10.9856776459806,-0.537579326917488,"earlier",-0.325322674567191
"Ceratoscopelus townsendi",2015,6.04655353663113,6.72295127933208,0.429467710787215,-0.676397742700951,-20.589547287817,-0.537579326917488,"earlier",-0.325322674567191
"Chauliodus macouni",1955,5.66544334767569,5.54074336708485,0.61986926945253,0.124699980590846,3.79586740918537,0.0716338464412783,"no_change",0.0625690607406024
"Chauliodus macouni",1965,5.52617857918749,5.54074336708485,0.61986926945253,-0.0145647878973598,-0.443352143595633,0.0716338464412783,"no_change",0.0625690607406024
"Chauliodus macouni",1975,4.93235833681665,5.54074336708485,0.61986926945253,-0.608385030268195,-18.5192403213639,0.0716338464412783,"no_change",0.0625690607406024
"Chauliodus macouni",1985,5.20313019568509,5.54074336708485,0.61986926945253,-0.337613171399755,-10.2769449374085,0.0716338464412783,"no_change",0.0625690607406024
"Chauliodus macouni",1995,6.17043147537644,5.54074336708485,0.61986926945253,0.629688108291595,19.1677060163962,0.0716338464412783,"no_change",0.0625690607406024
"Chauliodus macouni",2005,6.47683414633534,5.54074336708485,0.61986926945253,0.936090779250495,28.4946033203851,0.0716338464412783,"no_change",0.0625690607406024
"Chauliodus macouni",2015,4.81082748851722,5.54074336708485,0.61986926945253,-0.729915878567624,-22.2186393435985,0.0716338464412783,"no_change",0.0625690607406024
"Chromis punctipinnis",1955,6.39280173751164,7.70689466694222,0.773001635175384,-1.31409292943058,-40.000988771867,0.463619625208854,"later",0.470906366058274
"Chromis punctipinnis",1965,7.80267343781922,7.70689466694222,0.773001635175384,0.0957787708770024,2.91550578549595,0.463619625208854,"later",0.470906366058274
"Chromis punctipinnis",1985,8.08418031454164,7.70689466694222,0.773001635175384,0.377285647599415,11.4845751129262,0.463619625208854,"later",0.470906366058274
"Chromis punctipinnis",1995,8.53480542620018,7.70689466694222,0.773001635175384,0.827910759257964,25.2016035118124,0.463619625208854,"later",0.470906366058274
"Chromis punctipinnis",2005,8.17376708642365,7.70689466694222,0.773001635175384,0.466872419481426,14.2115964490146,0.463619625208854,"later",0.470906366058274
"Chromis punctipinnis",2015,7.253139999157,7.70689466694222,0.773001635175384,-0.453754667785222,-13.8122920873822,0.463619625208854,"later",0.470906366058274
"Cololabis saira",1955,5.06043836805555,5.84921853374877,0.714331001589908,-0.788780165693213,-24.0104682437014,0.197347233099241,"no_change",0.19864232880127
"Cololabis saira",1965,5.75700870045574,5.84921853374877,0.714331001589908,-0.0922098332930288,-2.8068673254398,0.197347233099241,"no_change",0.19864232880127
"Cololabis saira",1975,5.58324343761237,5.84921853374877,0.714331001589908,-0.265975096136396,-8.09628192639189,0.197347233099241,"no_change",0.19864232880127
"Cololabis saira",1985,6.83965799115281,5.84921853374877,0.714331001589908,0.990439457404043,30.1489770833791,0.197347233099241,"no_change",0.19864232880127
"Cololabis saira",1995,6.2575377578846,5.84921853374877,0.714331001589908,0.408319224135829,12.4292371826946,0.197347233099241,"no_change",0.19864232880127
"Cololabis saira",2005,6.49169606709616,5.84921853374877,0.714331001589908,0.642477533347397,19.5570161150948,0.197347233099241,"no_change",0.19864232880127
"Cololabis saira",2015,4.95494741398414,5.84921853374877,0.714331001589908,-0.894271119764631,-27.2216128856354,0.197347233099241,"no_change",0.19864232880127
"Diogenichthys atlanticus",1955,8.79903847593943,6.79277725516332,1.08662167295384,2.00626122077611,61.0705915604248,-0.412128932202797,"earlier",-0.631033948848174
"Diogenichthys atlanticus",1965,6.42853937877887,6.79277725516332,1.08662167295384,-0.36423787638445,-11.0874009571426,-0.412128932202797,"earlier",-0.631033948848174
"Diogenichthys atlanticus",1975,6.41127890800225,6.79277725516332,1.08662167295384,-0.381498347161067,-11.6128096875829,-0.412128932202797,"earlier",-0.631033948848174
"Diogenichthys atlanticus",1985,6.96574927552272,6.79277725516332,1.08662167295384,0.172972020359396,5.26526829974,-0.412128932202797,"earlier",-0.631033948848174
"Diogenichthys atlanticus",1995,5.18594310581115,6.79277725516332,1.08662167295384,-1.60683414935217,-48.9120315062801,-0.412128932202797,"earlier",-0.631033948848174
"Diogenichthys atlanticus",2005,6.6016622079991,6.79277725516332,1.08662167295384,-0.191115047164218,-5.8175420356788,-0.412128932202797,"earlier",-0.631033948848174
"Diogenichthys atlanticus",2015,7.15722943408972,6.79277725516332,1.08662167295384,0.364452178926403,11.0939243265197,-0.412128932202797,"earlier",-0.631033948848174
"Electrona risso",1965,6.57580174927114,7.21877277827472,1.06477701038548,-0.642971029003585,-19.5720381228691,-0.127779064168162,"no_change",-0.221375214366544
"Electrona risso",1975,8.87607170693687,7.21877277827472,1.06477701038548,1.65729892866214,50.4481793884757,-0.127779064168162,"no_change",-0.221375214366544
"Electrona risso",1985,7.42968053889244,7.21877277827472,1.06477701038548,0.210907760617723,6.42003223320349,-0.127779064168162,"no_change",-0.221375214366544
"Electrona risso",1995,6.39260615266289,7.21877277827472,1.06477701038548,-0.826166625611833,-25.1485120836242,-0.127779064168162,"no_change",-0.221375214366544
"Electrona risso",2005,6.09673148531237,7.21877277827472,1.06477701038548,-1.12204129296235,-34.154936957774,-0.127779064168162,"no_change",-0.221375214366544
"Electrona risso",2015,7.94174503657262,7.21877277827472,1.06477701038548,0.722972258297901,22.0072755425881,-0.127779064168162,"no_change",-0.221375214366544
"Engraulis mordax",1955,4.54525534058529,3.88478860883407,0.646355945086266,0.660466731751217,20.1046073145071,0.208547508817166,"no_change",0.189940690180546
"Engraulis mordax",1965,3.71338965064148,3.88478860883407,0.646355945086266,-0.171398958192594,-5.21738428738255,0.208547508817166,"no_change",0.189940690180546
"Engraulis mordax",1975,2.75558749025584,3.88478860883407,0.646355945086266,-1.12920111857823,-34.3728820495214,0.208547508817166,"no_change",0.189940690180546
"Engraulis mordax",1985,3.51503600285959,3.88478860883407,0.646355945086266,-0.369752605974487,-11.2552693258634,0.208547508817166,"no_change",0.189940690180546
"Engraulis mordax",1995,3.89435478321059,3.88478860883407,0.646355945086266,0.00956617437651319,0.291194348021062,0.208547508817166,"no_change",0.189940690180546
"Engraulis mordax",2005,4.63875811536974,3.88478860883407,0.646355945086266,0.753969506535666,22.9508317789457,0.208547508817166,"no_change",0.189940690180546
"Engraulis mordax",2015,4.13113887891599,3.88478860883407,0.646355945086266,0.246350270081914,7.49890222129346,0.208547508817166,"no_change",0.189940690180546
"Girella nigricans",1955,4.97379310344827,6.07268609218146,0.904563358302173,-1.09889298873318,-33.4503025770381,0.539652889279628,"later",0.641424930162094
"Girella nigricans",1965,6.49293059125964,6.07268609218146,0.904563358302173,0.420244499078184,12.7922425519399,0.539652889279628,"later",0.641424930162094
"Girella nigricans",1985,5.97155023274934,6.07268609218146,0.904563358302173,-0.101135859432116,-3.07857556111361,0.539652889279628,"later",0.641424930162094
"Girella nigricans",1995,5.95149239005336,6.07268609218146,0.904563358302173,-0.121193702128092,-3.68913629277913,0.539652889279628,"later",0.641424930162094
"Girella nigricans",2005,5.45635601261289,6.07268609218146,0.904563358302173,-0.616330079568565,-18.7610876220671,0.539652889279628,"later",0.641424930162094
"Girella nigricans",2015,7.58999422296522,6.07268609218146,0.904563358302173,1.51730813078377,46.1868595010579,0.539652889279628,"later",0.641424930162094
"Glyptocephalus zachirus",1955,5.41736694677871,5.6104607307364,0.492659519423882,-0.193093783957692,-5.87777478367214,0.0798613737552993,"no_change",0.0554402159209339
"Glyptocephalus zachirus",1965,5.12794918330309,5.6104607307364,0.492659519423882,-0.482511547433317,-14.6876515038702,0.0798613737552993,"no_change",0.0554402159209339
"Glyptocephalus zachirus",1975,6.24599480050581,5.6104607307364,0.492659519423882,0.635534069769408,19.3456570837808,0.0798613737552993,"no_change",0.0554402159209339
"Glyptocephalus zachirus",1985,5.2874598464108,5.6104607307364,0.492659519423882,-0.323000884325604,-9.83214691887139,0.0798613737552993,"no_change",0.0554402159209339
"Glyptocephalus zachirus",1995,6.30836918997315,5.6104607307364,0.492659519423882,0.697908459236752,21.2443334991667,0.0798613737552993,"no_change",0.0554402159209339
"Glyptocephalus zachirus",2005,5.70266806275612,5.6104607307364,0.492659519423882,0.0922073320197185,2.80679118668023,0.0798613737552993,"no_change",0.0554402159209339
"Glyptocephalus zachirus",2015,5.18341708542714,5.6104607307364,0.492659519423882,-0.427043645309265,-12.999208563214,0.0798613737552993,"no_change",0.0554402159209339
"Hippoglossina stomata",1965,4.546875,4.59751795567758,0.857087962596283,-0.0506429556775823,-1.5415715708256,0.0991631381423131,"no_change",0.134499120311409
"Hippoglossina stomata",1985,5.04101610549114,4.59751795567758,0.857087962596283,0.443498149813561,13.5000836803248,0.0991631381423131,"no_change",0.134499120311409
"Hippoglossina stomata",1995,3.25086699723467,4.59751795567758,0.857087962596283,-1.34665095844291,-40.9920551750023,0.0991631381423131,"no_change",0.134499120311409
"Hippoglossina stomata",2005,5.55960229723704,4.59751795567758,0.857087962596283,0.962084341559454,29.2858473570698,0.0991631381423131,"no_change",0.134499120311409
"Hippoglossina stomata",2015,4.58922937842507,4.59751795567758,0.857087962596283,-0.00828857725251808,-0.25230429156665,0.0991631381423131,"no_change",0.134499120311409
"Hypsypops rubicundus",1955,7,7.26551088046157,0.714049536633462,-0.265510880461572,-8.08215120125025,-0.460514916135297,"earlier",-0.386704557101153
"Hypsypops rubicundus",1965,8.52501795547043,7.26551088046157,0.714049536633462,1.25950707500886,38.3393953632697,-0.460514916135297,"earlier",-0.386704557101153
"Hypsypops rubicundus",1995,6.74834437086093,7.26551088046157,0.714049536633462,-0.517166509600644,-15.7425485522436,-0.460514916135297,"earlier",-0.386704557101153
"Hypsypops rubicundus",2005,7,7.26551088046157,0.714049536633462,-0.265510880461571,-8.08215120125023,-0.460514916135297,"earlier",-0.386704557101153
"Hypsypops rubicundus",2015,7.0541920759765,7.26551088046157,0.714049536633462,-0.211318804485073,-6.43254440852561,-0.460514916135297,"earlier",-0.386704557101153
"Icichthys lockingtoni",1955,5.5660555575546,4.40925548053491,0.860658382298492,1.15680007701969,35.2129943444794,-0.940422901824657,"earlier",-1.14049991518826
"Icichthys lockingtoni",1965,4.70304244111733,4.40925548053491,0.860658382298492,0.293786960582413,8.94287508012867,-0.940422901824657,"earlier",-1.14049991518826
"Icichthys lockingtoni",1975,4.90930594807839,4.40925548053491,0.860658382298492,0.500050467543478,15.2215362320235,-0.940422901824657,"earlier",-1.14049991518826
"Icichthys lockingtoni",1985,4.82914401265301,4.40925548053491,0.860658382298492,0.419888532118094,12.7814069176748,-0.940422901824657,"earlier",-1.14049991518826
"Icichthys lockingtoni",1995,4.25639227836345,4.40925548053491,0.860658382298492,-0.152863202171462,-4.6531558740993,-0.940422901824657,"earlier",-1.14049991518826
"Icichthys lockingtoni",2005,3.53617995005789,4.40925548053491,0.860658382298492,-0.873075530477025,-26.5764191477206,-0.940422901824657,"earlier",-1.14049991518826
"Icichthys lockingtoni",2015,3.06466817591972,4.40925548053491,0.860658382298492,-1.34458730461519,-40.9292375524863,-0.940422901824657,"earlier",-1.14049991518826
"Idiacanthus antrostomus",1955,7.69307313303062,7.83731681459731,0.662304206704258,-0.144243681566685,-4.3907776668899,0.308208871772018,"no_change",0.28763644124622
"Idiacanthus antrostomus",1965,7.63909690259983,7.83731681459731,0.662304206704258,-0.198219911997483,-6.03381412120338,0.308208871772018,"no_change",0.28763644124622
"Idiacanthus antrostomus",1975,6.65286672766087,7.83731681459731,0.662304206704258,-1.18445008693643,-36.0546606463451,0.308208871772018,"no_change",0.28763644124622
"Idiacanthus antrostomus",1985,8.8172532215463,7.83731681459731,0.662304206704258,0.979936406948994,29.8292642275274,0.308208871772018,"no_change",0.28763644124622
"Idiacanthus antrostomus",1995,8.26985501555896,7.83731681459731,0.662304206704258,0.43253820096165,13.1664628372726,0.308208871772018,"no_change",0.28763644124622
"Idiacanthus antrostomus",2005,7.9809914954996,7.83731681459731,0.662304206704258,0.143674680902289,4.37345728666568,0.308208871772018,"no_change",0.28763644124622
"Idiacanthus antrostomus",2015,7.80808120628498,7.83731681459731,0.662304206704258,-0.0292356083123293,-0.889931917027304,0.308208871772018,"no_change",0.28763644124622
"Lampadena urophaos",1955,7.26552730304294,7.83588347957203,0.817033026377647,-0.57035617652909,-17.3616420135455,0.014409514717429,"no_change",0.016589382647821
"Lampadena urophaos",1965,8.18100189035917,7.83588347957203,0.817033026377647,0.345118410787143,10.5054044243606,0.014409514717429,"no_change",0.016589382647821
"Lampadena urophaos",1975,7,7.83588347957203,0.817033026377647,-0.835883479572026,-25.4442931181725,0.014409514717429,"no_change",0.016589382647821
"Lampadena urophaos",1985,9.09039319010944,7.83588347957203,0.817033026377647,1.25450971053742,38.187275588759,0.014409514717429,"no_change",0.016589382647821
"Lampadena urophaos",1995,8.69091975942497,7.83588347957203,0.817033026377647,0.85503627985294,26.0273043587235,0.014409514717429,"no_change",0.016589382647821
"Lampadena urophaos",2005,7.24976455076286,7.83588347957203,0.817033026377647,-0.586118928809171,-17.8414601929512,0.014409514717429,"no_change",0.016589382647821
"Lampadena urophaos",2015,7.37357766330482,7.83588347957203,0.817033026377647,-0.462305816267211,-14.0725890471739,0.014409514717429,"no_change",0.016589382647821
"Leuroglossus stilbius",1955,9.82139191649324,8.39816043988949,0.668896834760553,1.42323147660375,43.3231661478182,-0.426635462064701,"earlier",-0.402121551743017
"Leuroglossus stilbius",1965,7.92893994512927,8.39816043988949,0.668896834760553,-0.469220494760222,-14.2830718605012,-0.426635462064701,"earlier",-0.402121551743017
"Leuroglossus stilbius",1975,7.795197822536,8.39816043988949,0.668896834760553,-0.602962617353489,-18.3541820722402,-0.426635462064701,"earlier",-0.402121551743017
"Leuroglossus stilbius",1985,8.48096613245129,8.39816043988949,0.668896834760553,0.0828056925618057,2.52060528158137,-0.426635462064701,"earlier",-0.402121551743017
"Leuroglossus stilbius",1995,8.29761796635819,8.39816043988949,0.668896834760553,-0.100542473531297,-3.06051289429267,-0.426635462064701,"earlier",-0.402121551743017
"Leuroglossus stilbius",2005,8.26827657446375,8.39816043988949,0.668896834760553,-0.129883865425741,-3.95366486355956,-0.426635462064701,"earlier",-0.402121551743017
"Leuroglossus stilbius",2015,8.19473272179468,8.39816043988949,0.668896834760553,-0.203427718094806,-6.1923397388059,-0.426635462064701,"earlier",-0.402121551743017
"Lipolagus ochotensis",1955,9.80608669672443,8.39579475007326,0.715025151145134,1.41029194665117,42.9292868560617,-0.381645296825427,"earlier",-0.384523149520285
"Lipolagus ochotensis",1965,8.19300970982487,8.39579475007326,0.715025151145134,-0.20278504024839,-6.17277662516099,-0.381645296825427,"earlier",-0.384523149520285
"Lipolagus ochotensis",1975,7.40870400432123,8.39579475007326,0.715025151145134,-0.987090745752021,-30.0470423006915,-0.381645296825427,"earlier",-0.384523149520285
"Lipolagus ochotensis",1985,8.51380400041925,8.39579475007326,0.715025151145134,0.118009250345994,3.59220158053204,-0.381645296825427,"earlier",-0.384523149520285
"Lipolagus ochotensis",1995,8.33643878680124,8.39579475007326,0.715025151145134,-0.0593559632720115,-1.80679552200003,-0.381645296825427,"earlier",-0.384523149520285
"Lipolagus ochotensis",2005,8.19802206151481,8.39579475007326,0.715025151145134,-0.197772688558446,-6.02020063971911,-0.381645296825427,"earlier",-0.384523149520285
"Lipolagus ochotensis",2015,8.31449799090695,8.39579475007326,0.715025151145134,-0.0812967591663014,-2.47467334902222,-0.381645296825427,"earlier",-0.384523149520285
"Lyopsetta exilis",1955,4.52277209697485,3.73637072924267,0.513170699355194,0.78640136773218,23.9380576337676,0.0734157378863719,"no_change",0.0530875003857354
"Lyopsetta exilis",1965,3.23028982182458,3.73637072924267,0.513170699355194,-0.506080907418089,-15.4051028218066,0.0734157378863719,"no_change",0.0530875003857354
"Lyopsetta exilis",1975,3.20094188994103,3.73637072924267,0.513170699355194,-0.535428839301639,-16.2984538683419,0.0734157378863719,"no_change",0.0530875003857354
"Lyopsetta exilis",1985,3.54800121460862,3.73637072924267,0.513170699355194,-0.188369514634041,-5.73396802546022,0.0734157378863719,"no_change",0.0530875003857354
"Lyopsetta exilis",1995,3.48084875164562,3.73637072924267,0.513170699355194,-0.255521977597045,-7.77808899805404,0.0734157378863719,"no_change",0.0530875003857354
"Lyopsetta exilis",2005,4.27791362491526,3.73637072924267,0.513170699355194,0.541542895672591,16.4845657442737,0.0734157378863719,"no_change",0.0530875003857354
"Lyopsetta exilis",2015,3.89382770478871,3.73637072924267,0.513170699355194,0.157456975546042,4.7929903356215,0.0734157378863719,"no_change",0.0530875003857354
"Medialuna californiensis",1965,7.00606520090978,6.41136676947102,1.03294654577099,0.59469843143876,18.1026202529959,-0.355445892554423,"earlier",-0.59739553676022
"Medialuna californiensis",1975,7,6.41136676947102,1.03294654577099,0.588633230528981,17.9179955373022,-0.355445892554423,"earlier",-0.59739553676022
"Medialuna californiensis",1985,5,6.41136676947102,1.03294654577099,-1.41136676947102,-42.9620044626978,-0.355445892554423,"earlier",-0.59739553676022
"Medialuna californiensis",1995,7.2873055567516,6.41136676947102,1.03294654577099,0.875938787280583,26.6635766848209,-0.355445892554423,"earlier",-0.59739553676022
"Medialuna californiensis",2005,7,6.41136676947102,1.03294654577099,0.588633230528981,17.9179955373022,-0.355445892554423,"earlier",-0.59739553676022
"Medialuna californiensis",2015,5.17482985916474,6.41136676947102,1.03294654577099,-1.23653691030628,-37.6401835497233,-0.355445892554423,"earlier",-0.59739553676022
"Merluccius productus",1955,9.8100383707145,8.08007501605326,0.770265723551209,1.72996335466125,52.6600845158884,-0.572053342374483,"earlier",-0.620895278657775
"Merluccius productus",1965,7.81430174410063,8.08007501605326,0.770265723551209,-0.265773271952629,-8.09013839823802,-0.572053342374483,"earlier",-0.620895278657775
"Merluccius productus",1975,7.65111878522726,8.08007501605326,0.770265723551209,-0.428956230826,-13.0574276663434,-0.572053342374483,"earlier",-0.620895278657775
"Merluccius productus",1985,7.73585783802942,8.08007501605326,0.770265723551209,-0.34421717802384,-10.4779708990457,-0.572053342374483,"earlier",-0.620895278657775
"Merluccius productus",1995,7.82917235319652,8.08007501605326,0.770265723551209,-0.25090266285674,-7.63747705735917,-0.572053342374483,"earlier",-0.620895278657775
"Merluccius productus",2005,7.99070052187662,8.08007501605326,0.770265723551209,-0.0893744941766323,-2.72055960273669,-0.572053342374483,"earlier",-0.620895278657775
"Merluccius productus",2015,7.72933549922785,8.08007501605326,0.770265723551209,-0.350739516825409,-10.6765108921655,-0.572053342374483,"earlier",-0.620895278657775
"Microstomus pacificus",1955,5.15122256182273,5.35295304303094,0.407119027601359,-0.201730481208216,-6.14067584797809,-0.368832705451205,"earlier",-0.211588511030886
"Microstomus pacificus",1965,5.75728155339806,5.35295304303094,0.407119027601359,0.404328510367114,12.307759855575,-0.368832705451205,"earlier",-0.211588511030886
"Microstomus pacificus",1975,5.78967971990026,5.35295304303094,0.407119027601359,0.436726676869317,13.293960043902,-0.368832705451205,"earlier",-0.211588511030886
"Microstomus pacificus",1985,5.03971715750778,5.35295304303094,0.407119027601359,-0.313235885523168,-9.53490035532524,-0.368832705451205,"earlier",-0.211588511030886
"Microstomus pacificus",1995,5.77623551918278,5.35295304303094,0.407119027601359,0.423282476151839,12.884718574062,-0.368832705451205,"earlier",-0.211588511030886
"Microstomus pacificus",2005,4.83421002860547,5.35295304303094,0.407119027601359,-0.518743014425469,-15.7905373591113,-0.368832705451205,"earlier",-0.211588511030886
"Microstomus pacificus",2015,5.12232476079953,5.35295304303094,0.407119027601359,-0.230628282231415,-7.02032491112428,-0.368832705451205,"earlier",-0.211588511030886
"Nansenia candida",1955,4.71337028056806,4.58925508910132,0.237794223666541,0.124115191466747,3.77806642824778,-0.8517270314937,"earlier",-0.285392784798402
"Nansenia candida",1965,4.92920289855072,4.58925508910132,0.237794223666541,0.339947809449409,10.34801131964,-0.8517270314937,"earlier",-0.285392784798402
"Nansenia candida",1975,4.78088593097217,4.58925508910132,0.237794223666541,0.191630841870859,5.83324282654895,-0.8517270314937,"earlier",-0.285392784798402
"Nansenia candida",1985,4.53321780974373,4.58925508910132,0.237794223666541,-0.0560372793575832,-1.70577478364483,-0.8517270314937,"earlier",-0.285392784798402
"Nansenia candida",1995,4.55341602941225,4.58925508910132,0.237794223666541,-0.0358390596890699,-1.09094097693529,-0.8517270314937,"earlier",-0.285392784798402
"Nansenia candida",2005,4.24325507512224,4.58925508910132,0.237794223666541,-0.346000013979071,-10.5322404255229,-0.8517270314937,"earlier",-0.285392784798402
"Nansenia candida",2015,4.37143759934002,4.58925508910132,0.237794223666541,-0.217817489761291,-6.6303643883337,-0.8517270314937,"earlier",-0.285392784798402
"Notolychnus valdiviae",1965,6.38904363974002,5.77672572067064,0.938014860465056,0.61231791906938,18.6389574564719,-0.678306303611296,"earlier",-1.00688381020846
"Notolychnus valdiviae",1985,5.91102637591395,5.77672572067064,0.938014860465056,0.134300655243316,4.08811194560654,-0.678306303611296,"earlier",-1.00688381020846
"Notolychnus valdiviae",1995,6.9247997670016,5.77672572067064,0.938014860465056,1.14807404633096,34.9473739703145,-0.678306303611296,"earlier",-1.00688381020846
"Notolychnus valdiviae",2005,4.9115789680768,5.77672572067064,0.938014860465056,-0.865146752593834,-26.3350671489563,-0.678306303611296,"earlier",-1.00688381020846
"Notolychnus valdiviae",2015,4.74717985262081,5.77672572067064,0.938014860465056,-1.02954586804982,-31.3393762234366,-0.678306303611296,"earlier",-1.00688381020846
"Notoscopelus resplendens",1955,5.2469433123379,5.79500847797383,0.734766548642772,-0.54806516563593,-16.6831036419577,0.0365846494512781,"no_change",0.0378782173569382
"Notoscopelus resplendens",1965,5.8482202820685,5.79500847797383,0.734766548642772,0.0532118040946692,1.61976731664173,0.0365846494512781,"no_change",0.0378782173569382
"Notoscopelus resplendens",1975,7,5.79500847797383,0.734766548642772,1.20499152202617,36.6799419304765,0.0365846494512781,"no_change",0.0378782173569382
"Notoscopelus resplendens",1985,4.73123962206746,5.79500847797383,0.734766548642772,-1.06376885590637,-32.38112397379,0.0365846494512781,"no_change",0.0378782173569382
"Notoscopelus resplendens",1995,6.14944102994299,5.79500847797383,0.734766548642772,0.354432551969158,10.7889268819412,0.0365846494512781,"no_change",0.0378782173569382
"Notoscopelus resplendens",2005,6.13139595642912,5.79500847797383,0.734766548642772,0.336387478455285,10.2396348441789,0.0365846494512781,"no_change",0.0378782173569382
"Notoscopelus resplendens",2015,5.45781914297086,5.79500847797383,0.734766548642772,-0.337189335002976,-10.2640433574906,0.0365846494512781,"no_change",0.0378782173569382
"Oxylebius pictus",1955,9.88220008661758,8.31354851818303,0.94263159089553,1.56865156843455,47.7497537431478,-0.26912762226028,"no_change",-0.357471582118262
"Oxylebius pictus",1965,7.60343116404367,8.31354851818303,0.94263159089553,-0.710117354139361,-21.6159722600021,-0.26912762226028,"no_change",-0.357471582118262
"Oxylebius pictus",1975,7.16825396825397,8.31354851818303,0.94263159089553,-1.14529454992906,-34.8627660998406,-0.26912762226028,"no_change",-0.357471582118262
"Oxylebius pictus",1985,8.61010912186394,8.31354851818303,0.94263159089553,0.296560603680909,9.02730477604688,-0.26912762226028,"no_change",-0.357471582118262
"Oxylebius pictus",1995,8.63971046798041,8.31354851818303,0.94263159089553,0.326161949797383,9.92836975183234,-0.26912762226028,"no_change",-0.357471582118262
"Oxylebius pictus",2005,8.77957323571885,8.31354851818303,0.94263159089553,0.46602471753582,14.1857924017904,-0.26912762226028,"no_change",-0.357471582118262
"Oxylebius pictus",2015,7.51156158280279,8.31354851818303,0.94263159089553,-0.801986935380244,-24.4124823129746,-0.26912762226028,"no_change",-0.357471582118262
"Paralichthys californicus",1955,4.01722723543889,4.50711255737891,0.652467658220471,-0.48988532194002,-14.9121091998542,0.85898873966111,"later",0.789746514148081
"Paralichthys californicus",1965,3.52799382205306,4.50711255737891,0.652467658220471,-0.97911873532584,-29.8043743033186,0.85898873966111,"later",0.789746514148081
"Paralichthys californicus",1975,3.98751560307579,4.50711255737891,0.652467658220471,-0.519596954303117,-15.8165312889869,0.85898873966111,"later",0.789746514148081
"Paralichthys californicus",1985,4.93665460773544,4.50711255737891,0.652467658220471,0.429542050356532,13.0752600128528,0.85898873966111,"later",0.789746514148081
"Paralichthys californicus",1995,5.03628816838157,4.50711255737891,0.652467658220471,0.529175611002667,16.1081055989212,0.85898873966111,"later",0.789746514148081
"Paralichthys californicus",2005,4.80900600921191,4.50711255737891,0.652467658220471,0.301893451833003,9.1896366737966,0.85898873966111,"later",0.789746514148081
"Paralichthys californicus",2015,5.23510245575568,4.50711255737891,0.652467658220471,0.727989898376773,22.160012506589,0.85898873966111,"later",0.789746514148081
"Parophrys vetulus",1955,4.29274819373829,3.08261339551582,0.746825319434112,1.21013479822248,36.8365032578922,-0.118855321171097,"no_change",-0.125077421866623
"Parophrys vetulus",1965,3.03584023163443,3.08261339551582,0.746825319434112,-0.0467731638813822,-1.42377510854927,-0.118855321171097,"no_change",-0.125077421866623
"Parophrys vetulus",1975,2.34602490421456,3.08261339551582,0.746825319434112,-0.736588491301256,-22.4217536752102,-0.118855321171097,"no_change",-0.125077421866623
"Parophrys vetulus",1985,2.22566382660928,3.08261339551582,0.746825319434112,-0.85694956890654,-26.0855448775151,-0.118855321171097,"no_change",-0.125077421866623
"Parophrys vetulus",1995,2.63564862553666,3.08261339551582,0.746825319434112,-0.446964769979155,-13.6056075981655,-0.118855321171097,"no_change",-0.125077421866623
"Parophrys vetulus",2005,3.61731768749216,3.08261339551582,0.746825319434112,0.534704291976342,16.2763986477599,-0.118855321171097,"no_change",-0.125077421866623
"Parophrys vetulus",2015,3.42505029938533,3.08261339551582,0.746825319434112,0.342436903869515,10.423779353788,-0.118855321171097,"no_change",-0.125077421866623
"Peprilus simillimus",1955,6.54811119030649,6.47672670960924,0.779222323837091,0.071384480697243,2.17294359242408,0.430524316673782,"later",0.472716030165765
"Peprilus simillimus",1965,6.55168430013377,6.47672670960924,0.779222323837091,0.0749575905245283,2.28170905556664,0.430524316673782,"later",0.472716030165765
"Peprilus simillimus",1975,5.69665174740011,6.47672670960924,0.779222323837091,-0.780074962209133,-23.745481849646,0.430524316673782,"later",0.472716030165765
"Peprilus simillimus",1985,5.16065361450937,6.47672670960924,0.779222323837091,-1.31607309509987,-40.0612650148402,0.430524316673782,"later",0.472716030165765
"Peprilus simillimus",1995,7.17368118077897,6.47672670960924,0.779222323837091,0.696954471169729,21.2152941024065,0.430524316673782,"later",0.472716030165765
"Peprilus simillimus",2005,7,6.47672670960924,0.779222323837091,0.523273290390757,15.9284389594947,0.430524316673782,"later",0.472716030165765
"Peprilus simillimus",2015,7.20630493413599,6.47672670960924,0.779222323837091,0.729578224526752,22.2083611545943,0.430524316673782,"later",0.472716030165765
"Pleuronichthys coenosus",1955,5.01838024124067,5.83638774429007,0.731695172265544,-0.818007503049403,-24.9001483928238,-0.207013051149465,"no_change",-0.213436737386207
"Pleuronichthys coenosus",1965,6.35874501169671,5.83638774429007,0.731695172265544,0.522357267406643,15.9005552198582,-0.207013051149465,"no_change",-0.213436737386207
"Pleuronichthys coenosus",1975,7,5.83638774429007,0.731695172265544,1.16361225570993,35.4203570638103,-0.207013051149465,"no_change",-0.213436737386207
"Pleuronichthys coenosus",1985,6.25730085708795,5.83638774429007,0.731695172265544,0.420913112797879,12.8125951535674,-0.207013051149465,"no_change",-0.213436737386207
"Pleuronichthys coenosus",1995,5.08250572956455,5.83638774429007,0.731695172265544,-0.753882014725515,-22.9481685282447,-0.207013051149465,"no_change",-0.213436737386207
"Pleuronichthys coenosus",2005,5.68650351519485,5.83638774429007,0.731695172265544,-0.149884229095218,-4.56247593365842,-0.207013051149465,"no_change",-0.213436737386207
"Pleuronichthys coenosus",2015,5.45127885524575,5.83638774429007,0.731695172265544,-0.385108889044319,-11.7227145825091,-0.207013051149465,"no_change",-0.213436737386207
"Pleuronichthys decurrens",1955,8.63247863247863,7.68075374927201,1.32346218004812,0.951724883206623,28.9705054448096,-0.316362432146651,"no_change",-0.550159704797189
"Pleuronichthys decurrens",1965,6.71538461538461,7.68075374927201,1.32346218004812,-0.965369133887393,-29.3858364355322,-0.316362432146651,"no_change",-0.550159704797189
"Pleuronichthys decurrens",1985,9,7.68075374927201,1.32346218004812,1.31924625072799,40.1578558721601,-0.316362432146651,"no_change",-0.550159704797189
"Pleuronichthys decurrens",1995,8.69296313950016,7.68075374927201,1.32346218004812,1.01220939022815,30.811653838545,-0.316362432146651,"no_change",-0.550159704797189
"Pleuronichthys decurrens",2005,5.66483593288387,7.68075374927201,1.32346218004812,-2.01591781638813,-61.3645383308548,-0.316362432146651,"no_change",-0.550159704797189
"Pleuronichthys decurrens",2015,7.37886017538476,7.68075374927201,1.32346218004812,-0.301893573887243,-9.18964038912769,-0.316362432146651,"no_change",-0.550159704797189
"Pleuronichthys verticalis",1955,4.67383246849518,5.44936696197932,0.489099244983707,-0.775534493484141,-23.6072699816573,0.837095716357769,"later",0.576917043927058
"Pleuronichthys verticalis",1965,5.29286362810968,5.44936696197932,0.489099244983707,-0.156503333869646,-4.76396148299201,0.837095716357769,"later",0.576917043927058
"Pleuronichthys verticalis",1975,5.13446372239748,5.44936696197932,0.489099244983707,-0.314903239581845,-9.58565461287137,0.837095716357769,"later",0.576917043927058
"Pleuronichthys verticalis",1985,5.33053025305809,5.44936696197932,0.489099244983707,-0.118836708921237,-3.61738941956246,0.837095716357769,"later",0.576917043927058
"Pleuronichthys verticalis",1995,6.11405430048679,5.44936696197932,0.489099244983707,0.664687338507466,20.2330825841673,0.837095716357769,"later",0.576917043927058
"Pleuronichthys verticalis",2005,5.86511192082176,5.44936696197932,0.489099244983707,0.415744958842437,12.6552765471638,0.837095716357769,"later",0.576917043927058
"Pleuronichthys verticalis",2015,5.73471244048629,5.44936696197932,0.489099244983707,0.285345478506965,8.68591636575202,0.837095716357769,"later",0.576917043927058
"Protomyctophum crockeri",1955,7.69956133479555,6.76745216636689,0.575645230808773,0.932109168428668,28.3734030869687,-0.214668327265211,"no_change",-0.174126207345652
"Protomyctophum crockeri",1965,6.16090429480644,6.76745216636689,0.575645230808773,-0.606547871560445,-18.4633172102999,-0.214668327265211,"no_change",-0.174126207345652
"Protomyctophum crockeri",1975,6.52657660061091,6.76745216636689,0.575645230808773,-0.240875565755972,-7.33225222161178,-0.214668327265211,"no_change",-0.174126207345652
"Protomyctophum crockeri",1985,7.19818122982072,6.76745216636689,0.575645230808773,0.430729063453834,13.1113926915347,-0.214668327265211,"no_change",-0.174126207345652
"Protomyctophum crockeri",1995,6.35235921254562,6.76745216636689,0.575645230808773,-0.415092953821269,-12.6354295143194,-0.214668327265211,"no_change",-0.174126207345652
"Protomyctophum crockeri",2005,6.31072402664774,6.76745216636689,0.575645230808773,-0.45672813971914,-13.9028045730506,-0.214668327265211,"no_change",-0.174126207345652
"Protomyctophum crockeri",2015,7.12385846534121,6.76745216636689,0.575645230808773,0.356406298974326,10.8490077407785,-0.214668327265211,"no_change",-0.174126207345652
"Pseudobathylagus milleri",1975,6.04979761127001,7.82887856836694,1.19627383915859,-1.77908095709693,-54.1552243340305,0.281028015508101,"no_change",0.647224376487889
"Pseudobathylagus milleri",1985,9.2958320574493,7.82887856836694,1.19627383915859,1.46695348908236,44.6540642076671,0.281028015508101,"no_change",0.647224376487889
"Pseudobathylagus milleri",1995,7.83471313786337,7.82887856836694,1.19627383915859,0.00583456949643057,0.177604295471347,0.281028015508101,"no_change",0.647224376487889
"Pseudobathylagus milleri",2005,8.40644290717742,7.82887856836694,1.19627383915859,0.577564338810475,17.5810584733909,0.281028015508101,"no_change",0.647224376487889
"Pseudobathylagus milleri",2015,7.5576071280746,7.82887856836694,1.19627383915859,-0.271271440292343,-8.25750264249891,0.281028015508101,"no_change",0.647224376487889
"Sardinops sagax",1955,5.50935227867929,4.49026490444379,1.09634203200978,1.0190873742355,31.0210196717286,-0.153849060793939,"no_change",-0.237674271571509
"Sardinops sagax",1965,4.06226019417476,4.49026490444379,1.09634203200978,-0.428004710269029,-13.0284633805892,-0.153849060793939,"no_change",-0.237674271571509
"Sardinops sagax",1975,3,4.49026490444379,1.09634203200978,-1.49026490444379,-45.3636636912689,-0.153849060793939,"no_change",-0.237674271571509
"Sardinops sagax",1985,6.31688853145382,4.49026490444379,1.09634203200978,1.82662362701004,55.6024232061855,-0.153849060793939,"no_change",-0.237674271571509
"Sardinops sagax",1995,4.10223573454862,4.49026490444379,1.09634203200978,-0.388029169895169,-11.811607931609,-0.153849060793939,"no_change",-0.237674271571509
"Sardinops sagax",2005,3.95923980333771,4.49026490444379,1.09634203200978,-0.531025101106079,-16.1644040776691,-0.153849060793939,"no_change",-0.237674271571509
"Sardinops sagax",2015,4.48187778891231,4.49026490444379,1.09634203200978,-0.00838711553147231,-0.255303796778017,-0.153849060793939,"no_change",-0.237674271571509
"Scomber japonicus",1955,6.4751948616733,6.32750727295098,0.649691497341988,0.147687588722325,4.49561020070756,-0.65866782893738,"earlier",-0.602996640566138
"Scomber japonicus",1965,7.24499907103487,6.32750727295098,0.649691497341988,0.917491798083891,27.9284503336737,-0.65866782893738,"earlier",-0.602996640566138
"Scomber japonicus",1975,7,6.32750727295098,0.649691497341988,0.672492727049025,20.4706786113723,-0.65866782893738,"earlier",-0.602996640566138
"Scomber japonicus",1985,5.6907583983139,6.32750727295098,0.649691497341988,-0.636748874637079,-19.3826357439527,-0.65866782893738,"earlier",-0.602996640566138
"Scomber japonicus",1995,6.39201908687196,6.32750727295098,0.649691497341988,0.0645118139209853,1.96373961575479,-0.65866782893738,"earlier",-0.602996640566138
"Scomber japonicus",2005,5.49179308243749,6.32750727295098,0.649691497341988,-0.83571419051349,-25.4391399592306,-0.65866782893738,"earlier",-0.602996640566138
"Scomber japonicus",2015,5.99778641032532,6.32750727295098,0.649691497341988,-0.329720862625656,-10.036703058325,-0.65866782893738,"earlier",-0.602996640566138
"Scorpaenichthys marmoratus",1955,8.81927710843373,7.42829153917198,0.846730389081094,1.39098556926176,42.3416007283279,-0.528490186423392,"earlier",-0.630555519701865
"Scorpaenichthys marmoratus",1965,7.6949806949807,7.42829153917198,0.846730389081094,0.26668915580872,8.11801790281744,-0.528490186423392,"earlier",-0.630555519701865
"Scorpaenichthys marmoratus",1975,7.4369553789867,7.42829153917198,0.846730389081094,0.00866383981472119,0.263727283960113,-0.528490186423392,"earlier",-0.630555519701865
"Scorpaenichthys marmoratus",1985,6.15906027237733,7.42829153917198,0.846730389081094,-1.26923126679464,-38.6353997612289,-0.528490186423392,"earlier",-0.630555519701865
"Scorpaenichthys marmoratus",1995,7.75491556365228,7.42829153917198,0.846730389081094,0.326624024480301,9.94243530518037,-0.528490186423392,"earlier",-0.630555519701865
"Scorpaenichthys marmoratus",2005,6.66883921229787,7.42829153917198,0.846730389081094,-0.759452326874103,-23.1177288300477,-0.528490186423392,"earlier",-0.630555519701865
"Scorpaenichthys marmoratus",2015,7.46401254347522,7.42829153917198,0.846730389081094,0.0357210043032454,1.08734737099079,-0.528490186423392,"earlier",-0.630555519701865
"Sebastes aurora",1955,4.55615101583746,3.79871206237817,0.653525939051493,0.75743895345929,23.0564417433008,-0.717438647040353,"earlier",-0.66067649331661
"Sebastes aurora",1965,3.96631433369555,3.79871206237817,0.653525939051493,0.16760227131737,5.10181313890075,-0.717438647040353,"earlier",-0.66067649331661
"Sebastes aurora",1975,3.55386276700015,3.79871206237817,0.653525939051493,-0.244849295378027,-7.45321255130715,-0.717438647040353,"earlier",-0.66067649331661
"Sebastes aurora",1985,4.75316631213373,3.79871206237817,0.653525939051493,0.954454249755555,29.0535873625591,-0.717438647040353,"earlier",-0.66067649331661
"Sebastes aurora",1995,3.47901624948012,3.79871206237817,0.653525939051493,-0.31969581289805,-9.73154054461664,-0.717438647040353,"earlier",-0.66067649331661
"Sebastes aurora",2005,3.24867497897245,3.79871206237817,0.653525939051493,-0.550037083405726,-16.7431288188703,-0.717438647040353,"earlier",-0.66067649331661
"Sebastes aurora",2015,3.03379877952776,3.79871206237817,0.653525939051493,-0.764913282850411,-23.2839603299665,-0.717438647040353,"earlier",-0.66067649331661
"Sebastes diploproa",1955,6.63510157452938,6.78780918885467,0.51198745210029,-0.152707614325289,-4.64841978006179,0.146469264696971,"no_change",0.105668873180188
"Sebastes diploproa",1965,7.18609346621553,6.78780918885467,0.51198745210029,0.398284277360863,12.1237734028647,0.146469264696971,"no_change",0.105668873180188
"Sebastes diploproa",1975,6.1177463731866,6.78780918885467,0.51198745210029,-0.670062815668071,-20.3967121089361,0.146469264696971,"no_change",0.105668873180188
"Sebastes diploproa",1985,7.18394411243242,6.78780918885467,0.51198745210029,0.396134923577749,12.0583470737067,0.146469264696971,"no_change",0.105668873180188
"Sebastes diploproa",1995,6.8254071508442,6.78780918885467,0.51198745210029,0.0375979619895306,1.14448196296131,0.146469264696971,"no_change",0.105668873180188
"Sebastes diploproa",2005,6.15729704904837,6.78780918885467,0.51198745210029,-0.630512139806302,-19.1927895357038,0.146469264696971,"no_change",0.105668873180188
"Sebastes diploproa",2015,7.40907459572619,6.78780918885467,0.51198745210029,0.621265406871519,18.911318985169,0.146469264696971,"no_change",0.105668873180188
"Sebastes goodei",1955,7.98725212464589,7.69667203801379,0.945894180041416,0.290580086632102,8.84525783708118,-0.207181027372579,"no_change",-0.276142843949463
"Sebastes goodei",1965,7.30636110084344,7.69667203801379,0.945894180041416,-0.390310937170349,-11.8810649274654,-0.207181027372579,"no_change",-0.276142843949463
"Sebastes goodei",1975,7,7.69667203801379,0.945894180041416,-0.696672038013791,-21.2066968371398,-0.207181027372579,"no_change",-0.276142843949463
"Sebastes goodei",1985,9.63551925343718,7.69667203801379,0.945894180041416,1.93884721542339,59.0185092374881,-0.207181027372579,"no_change",-0.276142843949463
"Sebastes goodei",1995,7.86280197183866,7.69667203801379,0.945894180041416,0.166129933824867,5.05699518562895,-0.207181027372579,"no_change",-0.276142843949463
"Sebastes goodei",2005,7.08271156447659,7.69667203801379,0.945894180041416,-0.6139604735372,-18.6889568144724,-0.207181027372579,"no_change",-0.276142843949463
"Sebastes goodei",2015,7.00205825085477,7.69667203801379,0.945894180041416,-0.694613787159025,-21.1440436811207,-0.207181027372579,"no_change",-0.276142843949463
"Sebastes jordani",1955,9.6679729773168,8.0529108797637,0.714357037174484,1.6150620975531,49.1624902495165,-0.608126552965306,"earlier",-0.612139707442571
"Sebastes jordani",1965,7.86311445066673,8.0529108797637,0.714357037174484,-0.18979642909697,-5.77740330171176,-0.608126552965306,"earlier",-0.612139707442571
"Sebastes jordani",1975,7.68534984702066,8.0529108797637,0.714357037174484,-0.367561032743043,-11.1885578366982,-0.608126552965306,"earlier",-0.612139707442571
"Sebastes jordani",1985,7.7559263386952,8.0529108797637,0.714357037174484,-0.296984541068498,-9.04020943012507,-0.608126552965306,"earlier",-0.612139707442571
"Sebastes jordani",1995,7.81865466210994,8.0529108797637,0.714357037174484,-0.234256217653761,-7.13075926538049,-0.608126552965306,"earlier",-0.612139707442571
"Sebastes jordani",2005,7.77195067159378,8.0529108797637,0.714357037174484,-0.280960208169924,-8.5524287366925,-0.608126552965306,"earlier",-0.612139707442571
"Sebastes jordani",2015,7.8074072109428,8.0529108797637,0.714357037174484,-0.245503668820901,-7.47313167890823,-0.608126552965306,"earlier",-0.612139707442571
"Sebastes levis",1955,9.78370786516854,8.24542219289502,0.972310681709393,1.53828567227352,46.8254158640059,-0.332327658830252,"no_change",-0.455315885418659
"Sebastes levis",1965,7.78298965178639,8.24542219289502,0.972310681709393,-0.462432541108633,-14.0764465513468,-0.332327658830252,"no_change",-0.455315885418659
"Sebastes levis",1975,7.08982376350199,8.24542219289502,0.972310681709393,-1.15559842939303,-35.1764161907239,-0.332327658830252,"no_change",-0.455315885418659
"Sebastes levis",1985,9.33910706095459,8.24542219289502,0.972310681709393,1.09368486805957,33.2917673837332,-0.332327658830252,"no_change",-0.455315885418659
"Sebastes levis",1995,7.87742803624372,8.24542219289502,0.972310681709393,-0.367994156651303,-11.2017421284657,-0.332327658830252,"no_change",-0.455315885418659
"Sebastes levis",2005,7.59338646222971,8.24542219289502,0.972310681709393,-0.652035730665316,-19.8479676414522,-0.332327658830252,"no_change",-0.455315885418659
"Sebastes levis",2015,8.25151251038023,8.24542219289502,0.972310681709393,0.00609031748520472,0.185389264249632,-0.332327658830252,"no_change",-0.455315885418659
"Sebastes paucispinis",1955,8.78425335114013,7.8360769603434,0.469373898810773,0.948176390796729,28.8624893358524,-0.49854987891469,"earlier",-0.329737854801167
"Sebastes paucispinis",1965,7.62735929515941,7.8360769603434,0.469373898810773,-0.20871766518399,-6.35336572820065,-0.49854987891469,"earlier",-0.329737854801167
"Sebastes paucispinis",1975,7.51466088272716,7.8360769603434,0.469373898810773,-0.321416077616239,-9.78390540263831,-0.49854987891469,"earlier",-0.329737854801167
"Sebastes paucispinis",1985,7.66824477218222,7.8360769603434,0.469373898810773,-0.167832188161177,-5.10881180762623,-0.49854987891469,"earlier",-0.329737854801167
"Sebastes paucispinis",1995,8.11658751451345,7.8360769603434,0.469373898810773,0.280510554170051,8.53874126893635,-0.49854987891469,"earlier",-0.329737854801167
"Sebastes paucispinis",2005,7.45181501769469,7.8360769603434,0.469373898810773,-0.384261942648715,-11.6969335342269,-0.49854987891469,"earlier",-0.329737854801167
"Sebastes paucispinis",2015,7.68961788898674,7.8360769603434,0.469373898810773,-0.146459071356661,-4.45821413209677,-0.49854987891469,"earlier",-0.329737854801167
"Sphyraena argentea",1955,6.70658237262923,7.17336161830827,0.405216770696203,-0.466779245679038,-14.2087602384699,0.712996663132091,"later",0.379635875106127
"Sphyraena argentea",1965,6.83123381210266,7.17336161830827,0.405216770696203,-0.342127806205608,-10.4143704208987,0.712996663132091,"later",0.379635875106127
"Sphyraena argentea",1985,7.12781623474841,7.17336161830827,0.405216770696203,-0.0455453835598583,-1.38640147556209,0.712996663132091,"later",0.379635875106127
"Sphyraena argentea",1995,7.52849254235583,7.17336161830827,0.405216770696203,0.355130924047558,10.8101853280077,0.712996663132091,"later",0.379635875106127
"Sphyraena argentea",2005,7.76450115463681,7.17336161830827,0.405216770696203,0.591139536328538,17.9942874858407,0.712996663132091,"later",0.379635875106127
"Sphyraena argentea",2015,7.08154359337668,7.17336161830827,0.405216770696203,-0.0918180249315901,-2.7949406789176,0.712996663132091,"later",0.379635875106127
"Stenobrachius leucopsarus",1955,3.91797150435047,3.00326336921738,0.462174007728052,0.91470813513309,27.8437156334513,-0.398881317865836,"earlier",-0.259770883317162
"Stenobrachius leucopsarus",1965,2.7293451075409,3.00326336921738,0.462174007728052,-0.273918261676477,-8.33807188543196,-0.398881317865836,"earlier",-0.259770883317162
"Stenobrachius leucopsarus",1975,2.50057969779523,3.00326336921738,0.462174007728052,-0.502683671422142,-15.30169095809,-0.398881317865836,"earlier",-0.259770883317162
"Stenobrachius leucopsarus",1985,3.2521195941452,3.00326336921738,0.462174007728052,0.24885622492782,7.57518348680285,-0.398881317865836,"earlier",-0.259770883317162
"Stenobrachius leucopsarus",1995,2.85494804306913,3.00326336921738,0.462174007728052,-0.148315326148245,-4.51471852795259,-0.398881317865836,"earlier",-0.259770883317162
"Stenobrachius leucopsarus",2005,2.83488503094905,3.00326336921738,0.462174007728052,-0.16837833826833,-5.12543661688796,-0.398881317865836,"earlier",-0.259770883317162
"Stenobrachius leucopsarus",2015,2.93299460667166,3.00326336921738,0.462174007728052,-0.0702687625457172,-2.13898113189163,-0.398881317865836,"earlier",-0.259770883317162
"Stomias atriventer",1955,8.70510033444816,7.79653045582552,0.583695187279733,0.908569878622643,27.6568671052733,-0.629695935276325,"earlier",-0.517914726464073
"Stomias atriventer",1965,7.4447601122199,7.79653045582552,0.583695187279733,-0.351770343605623,-10.7078892593552,-0.629695935276325,"earlier",-0.517914726464073
"Stomias atriventer",1975,7.82409028138738,7.79653045582552,0.583695187279733,0.0275598255618617,0.838921090103069,-0.629695935276325,"earlier",-0.517914726464073
"Stomias atriventer",1985,8.50534427157108,7.79653045582552,0.583695187279733,0.708813815745557,21.5762925512948,-0.629695935276325,"earlier",-0.517914726464073
"Stomias atriventer",1995,7.4954746304905,7.79653045582552,0.583695187279733,-0.301055825335018,-9.16413932319795,-0.629695935276325,"earlier",-0.517914726464073
"Stomias atriventer",2005,7.23339260126496,7.79653045582552,0.583695187279733,-0.563137854560555,-17.1419162928233,-0.629695935276325,"earlier",-0.517914726464073
"Stomias atriventer",2015,7.36755095939665,7.79653045582552,0.583695187279733,-0.428979496428865,-13.0581358712947,-0.629695935276325,"earlier",-0.517914726464073
"Symbolophorus californiensis",1955,5.07512788582998,5.16498948152667,0.463034921223626,-0.0898615956966911,-2.73538697300728,-0.363588199003522,"earlier",-0.237227363609158
"Symbolophorus californiensis",1965,5.175865304475,5.16498948152667,0.463034921223626,0.010875822948325,0.331060050547013,-0.363588199003522,"earlier",-0.237227363609158
"Symbolophorus californiensis",1975,6.01278433020824,5.16498948152667,0.463034921223626,0.847794848681569,25.806875193867,-0.363588199003522,"earlier",-0.237227363609158
"Symbolophorus californiensis",1985,4.87312501570745,5.16498948152667,0.463034921223626,-0.291864465819222,-8.88435433953711,-0.363588199003522,"earlier",-0.237227363609158
"Symbolophorus californiensis",1995,5.1370708674361,5.16498948152667,0.463034921223626,-0.0279186140905754,-0.849842612917115,-0.363588199003522,"earlier",-0.237227363609158
"Symbolophorus californiensis",2005,5.37214883976758,5.16498948152667,0.463034921223626,0.207159358240911,6.30593086485332,-0.363588199003522,"earlier",-0.237227363609158
"Symbolophorus californiensis",2015,4.50880412726236,5.16498948152667,0.463034921223626,-0.656185354264317,-19.9742821838058,-0.363588199003522,"earlier",-0.237227363609158
"Symphurus atricaudus",1955,9.31330006509004,8.50593717788051,0.596393317205423,0.807362887209534,24.5761262866582,-0.476719720317932,"earlier",-0.373583961832834
"Symphurus atricaudus",1965,8.42695080159137,8.50593717788051,0.596393317205423,-0.0789863762891407,-2.40434529424144,-0.476719720317932,"earlier",-0.373583961832834
"Symphurus atricaudus",1985,7.84822535874202,8.50593717788051,0.596393317205423,-0.657711819138492,-20.0207477745757,-0.476719720317932,"earlier",-0.373583961832834
"Symphurus atricaudus",1995,8.70563697865025,8.50593717788051,0.596393317205423,0.199699800769739,6.07886193543086,-0.476719720317932,"earlier",-0.373583961832834
"Symphurus atricaudus",2005,8.92362830674385,8.50593717788051,0.596393317205423,0.417691128863343,12.7145179626002,-0.476719720317932,"earlier",-0.373583961832834
"Symphurus atricaudus",2015,7.81788155646552,8.50593717788051,0.596393317205423,-0.688055621414988,-20.9444131158722,-0.476719720317932,"earlier",-0.373583961832834
"Tactostoma macropus",1955,6.95699682763482,6.64410739322286,0.779476036079415,0.312889434411969,9.52435438350033,-0.587831060697276,"earlier",-0.645649108662535
"Tactostoma macropus",1965,7.78770209382454,6.64410739322286,0.779476036079415,1.14359470060169,34.8110226863153,-0.587831060697276,"earlier",-0.645649108662535
"Tactostoma macropus",1975,7,6.64410739322286,0.779476036079415,0.355892606777145,10.8333709502963,-0.587831060697276,"earlier",-0.645649108662535
"Tactostoma macropus",1985,5.96078672190385,6.64410739322286,0.779476036079415,-0.683320671319009,-20.8002812349506,-0.587831060697276,"earlier",-0.645649108662535
"Tactostoma macropus",1995,5.86704736803573,6.64410739322286,0.779476036079415,-0.777060025187128,-23.6537071666962,-0.587831060697276,"earlier",-0.645649108662535
"Tactostoma macropus",2005,7.16826261431336,6.64410739322286,0.779476036079415,0.524155221090507,15.955284929995,-0.587831060697276,"earlier",-0.645649108662535
"Tactostoma macropus",2015,5.76795612684769,6.64410739322286,0.779476036079415,-0.87615126637517,-26.6700445484602,-0.587831060697276,"earlier",-0.645649108662535
"Tarletonbeania crenularis",1955,5.2639452938366,4.75590157060106,0.52277456122794,0.508043723235543,15.4648509352899,-0.545502982335414,"earlier",-0.401839692744635
"Tarletonbeania crenularis",1965,4.49545984746523,4.75590157060106,0.52277456122794,-0.260441723135823,-7.92784605225446,-0.545502982335414,"earlier",-0.401839692744635
"Tarletonbeania crenularis",1975,4.74463380148131,4.75590157060106,0.52277456122794,-0.0112677691197476,-0.342990892005116,-0.545502982335414,"earlier",-0.401839692744635
"Tarletonbeania crenularis",1985,5.30542812377333,4.75590157060106,0.52277456122794,0.549526553172274,16.727588278564,-0.545502982335414,"earlier",-0.401839692744635
"Tarletonbeania crenularis",1995,5.22581049915521,4.75590157060106,0.52277456122794,0.469908928554158,14.3040277851886,-0.545502982335414,"earlier",-0.401839692744635
"Tarletonbeania crenularis",2005,4.16281292999604,4.75590157060106,0.52277456122794,-0.593088640605014,-18.0536182200166,-0.545502982335414,"earlier",-0.401839692744635
"Tarletonbeania crenularis",2015,4.09322049849967,4.75590157060106,0.52277456122794,-0.662681072101388,-20.1720118347663,-0.545502982335414,"earlier",-0.401839692744635
"Tetragonurus cuvieri",1955,2.53153405902817,4.02881327133726,0.951412668934354,-1.49727921230909,-45.5771792226887,0.762438047859019,"later",1.02215027188182
"Tetragonurus cuvieri",1965,4.40204875130851,4.02881327133726,0.951412668934354,0.373235479971253,11.3612880103249,0.762438047859019,"later",1.02215027188182
"Tetragonurus cuvieri",1975,3.35857241965845,4.02881327133726,0.951412668934354,-0.670240851678809,-20.4021315251029,0.762438047859019,"later",1.02215027188182
"Tetragonurus cuvieri",1985,4.00984694029021,4.02881327133726,0.951412668934354,-0.018966331047042,-0.57733511707196,0.762438047859019,"later",1.02215027188182
"Tetragonurus cuvieri",1995,4.2639891745192,4.02881327133726,0.951412668934354,0.235175903181942,7.1587544928583,0.762438047859019,"later",1.02215027188182
"Tetragonurus cuvieri",2005,4.01165103820669,4.02881327133726,0.951412668934354,-0.0171622331305628,-0.52241837649433,0.762438047859019,"later",1.02215027188182
"Tetragonurus cuvieri",2015,5.62405051634956,4.02881327133726,0.951412668934354,1.59523724501231,48.5590217381746,0.762438047859019,"later",1.02215027188182
"Trachurus symmetricus",1955,5.13668588285042,4.5582704079053,0.387993203378883,0.578415474945125,17.6069670573296,0.0692031105493137,"no_change",0.0378347606773576
"Trachurus symmetricus",1965,4.22906985947795,4.5582704079053,0.387993203378883,-0.329200548427346,-10.0208646941284,0.0692031105493137,"no_change",0.0378347606773576
"Trachurus symmetricus",1975,4.23016572318212,4.5582704079053,0.387993203378883,-0.328104684723177,-9.98750660297352,0.0692031105493137,"no_change",0.0378347606773576
"Trachurus symmetricus",1985,4.50325592315788,4.5582704079053,0.387993203378883,-0.0550144847474181,-1.67464091571141,0.0692031105493137,"no_change",0.0378347606773576
"Trachurus symmetricus",1995,4.18532312595397,4.5582704079053,0.387993203378883,-0.372947281951324,-11.3525152625983,0.0692031105493137,"no_change",0.0378347606773576
"Trachurus symmetricus",2005,4.60911691977212,4.5582704079053,0.387993203378883,0.0508465118668271,1.54776782122622,0.0692031105493137,"no_change",0.0378347606773576
"Trachurus symmetricus",2015,5.01427542094261,4.5582704079053,0.387993203378883,0.456005013037315,13.8807925968559,0.0692031105493137,"no_change",0.0378347606773576
"Triphoturus mexicanus",1955,6.78652343440845,7.19949108213097,0.522365816514291,-0.41296764772251,-12.5707351966732,-0.385479604003373,"earlier",-0.283737939691616
"Triphoturus mexicanus",1965,7.81190637293338,7.19949108213097,0.522365816514291,0.61241529080241,18.6419214520254,-0.385479604003373,"earlier",-0.283737939691616
"Triphoturus mexicanus",1975,7.30904726008944,7.19949108213097,0.522365816514291,0.109556177958472,3.33489005705587,-0.385479604003373,"earlier",-0.283737939691616
"Triphoturus mexicanus",1985,7.51147389975527,7.19949108213097,0.522365816514291,0.3119828176243,9.4967569684837,-0.385479604003373,"earlier",-0.283737939691616
"Triphoturus mexicanus",1995,7.7144852656817,7.19949108213097,0.522365816514291,0.514994183550735,15.6764229472844,-0.385479604003373,"earlier",-0.283737939691616
"Triphoturus mexicanus",2005,6.82100060924418,7.19949108213097,0.522365816514291,-0.378490472886786,-11.5212499946738,-0.385479604003373,"earlier",-0.283737939691616
"Triphoturus mexicanus",2015,6.44200073280434,7.19949108213097,0.522365816514291,-0.757490349326623,-23.0580062335024,-0.385479604003373,"earlier",-0.283737939691616
