Year,Month,Station,SouthernBiomassAnomaly,NorthernBiomassAnomaly,SouthernLog10Biomass (mg/m3),NorthernLog10Biomass (mg/m3)
1996,5,NH05,0.341934854,-1.199177579,0.724622222,0.496733333
1996,6,NH05,0.134368327,-0.421789871,0.392877778,1.592933333
1996,7,NH05,-0.116918525,0.007749722,0.113605556,2.27645
1996,8,NH05,-0.030671065,-0.295087004,0.211394444,2.119683333
1996,9,NH05,0.01339295,0.161036865,0.389055556,2.179133333
1996,10,NH05,-0.090435905,0.333789815,0.419205556,1.877383333
1996,11,NH05,-0.024209259,-0.004388272,0.662255556,1.041766667
1996,12,NH05,-0.0111657,0.36177029,0.644833333,1.322066667
1997,2,NH05,0.007349217,0.109565171,0.726177778,1.219533333
1997,3,NH05,-0.071675892,0.309639506,0.521,1.639966667
1997,4,NH05,0.083247599,-0.174511523,0.620161111,1.293166667
1997,5,NH05,-0.137002183,0.091077976,0.245685185,1.786988889
1997,6,NH05,-0.122542784,-0.828739871,0.135966667,1.185983333
1997,7,NH05,0.067842586,-0.370413611,0.298366667,1.898286667
1997,8,NH05,0.194525231,-0.374448115,0.436590741,2.040322222
1997,9,NH05,0.394920728,-0.635146468,0.770583333,1.38295
1997,10,NH05,0.298458539,-1.271626852,0.8081,0.271966667
1997,11,NH05,0.236746296,-0.580238272,0.923211111,0.465916667
1997,12,NH05,0.028078744,-0.960296377,0.684077778,0
1998,1,NH05,0.12267213,-0.833273056,0.896622222,0.233033333
1998,1,NH25,-0.167040856,-0.5749875,0.361433333,0
1998,3,NH05,0.253524108,-1.002743827,0.8462,0.327583333
1998,4,NH05,0.220525377,-1.174111523,0.757438889,0.293566667
1998,4,NH25,-0.248017593,-0.878346528,0.252288889,0.2413
1998,5,NH05,0.405657077,-0.985244246,0.788344444,0.710666667
1998,6,NH05,0.56643129,-1.183034315,0.824940741,0.831688889
1998,6,NH25,0.410900887,-1.12296713,0.869288889,0.304566667
1998,7,NH05,0.692453697,-0.588189167,0.922977778,1.680511111
1998,8,NH05,0.697671528,-0.888681448,0.939737037,1.526088889
1998,8,NH25,0.449034386,-1.413396591,0.821961111,0.443333333
1998,9,NH05,0.525926283,-0.202054802,0.901588889,1.816041667
1998,9,NH25,0.12708642,-1.097414583,0.521133333,0.455966667
1998,10,NH05,0.143236317,-0.196326852,0.652877778,1.347266667
1998,11,NH05,0.152401852,0.392528395,0.838866667,1.438683333
1998,11,NH25,0.170325617,-0.393353704,0.611411111,0.475633333
1998,12,NH05,-0.147543478,-0.47242971,0.508455556,0.487866667
1999,2,NH05,-0.060906339,0.188298504,0.657922222,1.298266667
1999,2,NH25,0.043962257,-0.14052328,0.620766667,0.537433333
1999,3,NH05,-0.053898114,-0.62982716,0.538777778,0.7005
1999,4,NH05,-0.082476475,-0.509711523,0.454437037,0.957966667
1999,4,NH25,-0.042828704,-0.017513194,0.457477778,1.102133333
1999,5,NH05,-0.209404034,0.043789087,0.173283333,1.7397
1999,6,NH05,-0.258509451,0.301860129,0,2.316583333
1999,7,NH05,-0.195628525,-0.191206944,0.034895556,2.077493333
1999,7,NH25,-0.176413636,0.023282071,0.127072222,2.085933333
1999,8,NH05,-0.242065509,-0.023370337,0,2.3914
1999,9,NH05,-0.358901495,0.024686865,0.016761111,2.042783333
1999,9,NH25,-0.196046914,0.093652083,0.198,1.647033333
1999,10,NH05,-0.277808128,0.668973148,0.231833333,2.212566667
1999,11,NH05,-0.656364815,0.016678395,0.0301,1.062833333
1999,11,NH25,-0.239741049,0.343412963,0.201344444,1.2124
1999,12,NH05,-0.198776812,0.360203623,0.457222222,1.3205
2000,1,NH05,-0.388638981,0.297093611,0.385311111,1.3634
2000,2,NH05,-0.287028561,-0.313034829,0.4318,0.796933333
2000,2,NH25,-0.30421552,0.03397672,0.272588889,0.711933333
2000,3,NH05,-0.361353669,-0.848493827,0.231322222,0.481833333
2000,3,NH25,-0.383485597,0.152144753,0.187666667,1.1101
2000,4,NH05,-0.408657956,0.149588477,0.128255556,1.617266667
2000,4,NH25,-0.119184259,0.454186806,0.381122222,1.573833333
2000,5,NH05,-0.354998479,-0.215544246,0.027688889,1.480366667
2000,6,NH05,-0.248400562,-0.314243204,0.010108889,1.70048
2000,6,NH25,-0.28637689,0.103655093,0.172011111,1.531188889
2000,7,NH05,-0.230524081,0.164433056,0,2.433133333
2000,7,NH25,-0.187052525,0.535048737,0.116433333,2.5977
2000,8,NH05,-0.136182176,0.246862996,0.105883333,2.661633333
2000,8,NH25,-0.184115614,0.041603409,0.188811111,1.898333333
2000,9,NH05,-0.174732976,0.801125754,0.20092963,2.819222222
2000,9,NH25,-0.049980247,0.230185417,0.344066667,1.783566667
2000,10,NH05,-0.359441461,0.503723148,0.1502,2.047316667
2000,11,NH05,-0.338464815,0.170878395,0.348,1.217033333
2000,12,NH05,-0.022187923,0.338303623,0.633811111,1.2986
2001,1,NH05,-0.062261204,0.055593611,0.711688889,1.1219
2001,1,NH25,0.025681366,0.111345833,0.554155556,0.686333333
2001,2,NH05,-0.174634117,-0.051201496,0.544194444,1.058766667
2001,3,NH05,-0.114653669,-0.05707716,0.478022222,1.27325
2001,3,NH25,-0.090441152,-0.124771914,0.480711111,0.833183333
2001,4,NH05,-0.344565364,0.079044033,0.192348148,1.546722222
2001,4,NH25,-0.25359537,0.032053472,0.246711111,1.1517
2001,5,NH05,-0.345704034,0.138422421,0.036983333,1.834333333
2001,5,NH25,-0.295131061,-0.321908838,0.205522222,0.881766667
2001,6,NH05,-0.237317784,0.162401796,0.021191667,2.177125
2001,6,NH25,-0.248132446,0.264416204,0.210255556,1.69195
2001,7,NH05,-0.197754636,0.030308056,0.032769444,2.299008333
2001,7,NH25,-0.128522896,0.10987096,0.174962963,2.172522222
2001,8,NH05,-0.134072917,0.219562996,0.107992593,2.634333333
2001,8,NH25,-0.297515614,0.778336742,0.075411111,2.635066667
2001,9,NH05,-0.269498717,0.125036865,0.106163889,2.143133333
2001,9,NH25,-0.253708025,0.454035417,0.140338889,2.007416667
2001,10,NH05,-0.304302572,0.605189815,0.205338889,2.148783333
2001,11,NH05,-0.193787037,0.750428395,0.492677778,1.796583333
2001,11,NH25,-0.245724383,0.358112963,0.195361111,1.2271
2002,1,NH05,0.114438796,0.383326944,0.888388889,1.449633333
2002,1,NH25,-0.038557523,0.238029167,0.489916667,0.813016667
2002,2,NH05,0.036260328,-0.200168162,0.755088889,0.9098
2002,2,NH25,0.017606702,0.671643386,0.594411111,1.3496
2002,3,NH05,-0.047746262,0.190739506,0.54492963,1.521066667
2002,3,NH25,0.013336626,0.472994753,0.584488889,1.43095
2002,4,NH05,-0.144339438,0.415544033,0.392574074,1.883222222
2002,4,NH25,0.086526852,0.264970139,0.586833333,1.384616667
2002,5,NH05,-0.342831812,0.827077976,0.039855556,2.522988889
2002,5,NH25,-0.099481061,0.285324495,0.401172222,1.489
2002,6,NH05,-0.240659451,0.419822629,0.01785,2.434545833
2002,6,NH25,-0.25497689,-0.009900463,0.203411111,1.417633333
2002,7,NH05,-0.20383797,0.057399722,0.026686111,2.3261
2002,7,NH25,-0.105752525,0.290498737,0.197733333,2.35315
2002,8,NH05,-0.196721065,-0.292214782,0.045344444,2.122555556
2002,8,NH25,-0.298632281,0.373853409,0.074294444,2.230583333
2002,9,NH05,-0.278684828,0.353870198,0.096977778,2.371966667
2002,9,NH25,-0.25181358,-0.386447917,0.142233333,1.166933333
2002,10,NH05,-0.365619239,0.706906481,0.144022222,2.2505
2002,10,NH25,-0.277944033,0.299840741,0.101555556,1.353633333
2002,11,NH05,-0.03587037,0.638495062,0.650594444,1.68465
2002,11,NH25,-0.223707716,0.99787963,0.217377778,1.866866667
2002,12,NH05,0.109400966,0.266836957,0.7654,1.227133333
2002,12,NH25,-0.11855812,0.031541026,0.397766667,0.726733333
2003,1,NH05,0.049049907,-0.279139722,0.823,0.787166667
2003,1,NH25,0.096059144,-0.249454167,0.624533333,0.325533333
2003,2,NH05,0.041501068,-0.354423718,0.76032963,0.755544444
2003,2,NH25,-0.123867372,-0.049567725,0.452937037,0.628388889
2003,3,NH05,0.608946331,0.26397284,1.201622222,1.5943
2003,4,NH05,0.36936797,0.2093107,0.906281481,1.676988889
2003,4,NH25,0.181115741,-0.078979861,0.681422222,1.040666667
2003,5,NH05,0.324218188,-0.415444246,0.706905556,1.280466667
2003,5,NH25,0.289368939,-0.402608838,0.790022222,0.801066667
2003,6,NH05,0.029673882,0.294193462,0.288183333,2.308916667
2003,6,NH25,0.112345332,-0.43146713,0.570733333,0.996066667
2003,7,NH05,0.128775919,0.005824722,0.3593,2.274525
2003,7,NH25,0.454080808,-0.347717929,0.757566667,1.714933333
2003,8,NH05,-0.045754398,-0.220237004,0.196311111,2.194533333
2003,8,NH25,-0.033915614,0.616736742,0.339011111,2.473466667
2003,9,NH05,-0.099599643,-0.383574246,0.276062963,1.634522222
2003,9,NH25,-0.107387654,0.145807639,0.286659259,1.699188889
2003,10,NH05,0.091014095,0.018123148,0.600655556,1.561716667
2003,10,NH25,-0.117977366,-0.570225926,0.261522222,0.483566667
2003,11,NH05,-0.261175926,-0.051588272,0.425288889,0.994566667
2003,11,NH25,-0.106774383,-0.086853704,0.334311111,0.782133333
2004,1,NH05,0.157716574,-0.852223056,0.931666667,0.214083333
2004,1,NH25,0.062536921,-0.2361875,0.591011111,0.3388
2004,2,NH05,0.179171439,-0.313868162,0.898,0.7961
2004,2,NH25,0.103506702,0.136443386,0.680311111,0.8144
2004,3,NH05,0.311824108,-0.448160494,0.9045,0.882166667
2004,3,NH25,0.075355144,-0.318944136,0.646507407,0.639011111
2004,4,NH05,0.335964266,0.312555144,0.872877778,1.780233333
2004,4,NH25,0.313515741,-0.027546528,0.813822222,1.0921
2004,5,NH05,0.187495966,0.555755754,0.570183333,2.251666667
2004,5,NH25,0.237013384,-0.142458838,0.737666667,1.061216667
2004,6,NH05,0.234337771,0.373968462,0.492847222,2.388691667
2004,6,NH25,0.361889776,-0.142711574,0.820277778,1.284822222
2004,7,NH05,0.088749993,-0.144666944,0.319274074,2.124033333
2004,7,NH25,0.245047475,-0.110684596,0.548533333,1.951966667
2004,8,NH05,0.250784491,-0.069237004,0.49285,2.345533333
2004,8,NH25,0.047237163,0.034911742,0.420163889,1.891641667
2004,9,NH05,0.147834616,-0.504763135,0.523497222,1.513333333
2004,9,NH25,0.042253086,0.247785417,0.4363,1.801166667
2004,10,NH05,0.013408539,-0.538693519,0.52305,1.0049
2004,10,NH25,-0.119532922,-0.469292593,0.259966667,0.5845
2004,11,NH05,0.067940741,-0.077004938,0.754405556,0.96915
2004,11,NH25,-0.180396605,-0.079737037,0.260688889,0.78925
2004,12,NH05,-0.075954589,-0.253896377,0.580044444,0.7064
2005,1,NH05,0.420094352,-0.430806389,1.194044444,0.6355
2005,2,NH05,0.451543661,-0.367384829,1.170372222,0.742583333
2005,2,NH25,-0.007971076,-0.190389947,0.568833333,0.487566667
2005,3,NH05,0.269179664,-0.732060494,0.861855556,0.598266667
2005,4,NH05,0.594986488,-0.791244856,1.1319,0.676433333
2005,4,NH25,0.099382407,-0.653446528,0.599688889,0.4662
2005,5,NH05,0.609073743,-1.187794246,0.991761111,0.508116667
2005,5,NH25,0.278096717,-0.609208838,0.77875,0.594466667
2005,6,NH05,0.626438697,-1.563634315,0.884948148,0.451088889
2005,6,NH25,0.304867554,-0.875533796,0.763255556,0.552
2005,7,NH05,0.588975919,-1.167933611,0.8195,1.100766667
2005,7,NH25,0.66680303,-1.492384596,0.970288889,0.570266667
2005,8,NH05,0.547256713,-0.258253671,0.789322222,2.156516667
2005,8,NH25,0.680539941,-0.607363258,1.053466667,1.249366667
2005,9,NH05,0.250607765,-0.110952024,0.62627037,1.907144444
2005,9,NH25,0.496925309,0.439652083,0.890972222,1.993033333
2005,10,NH05,0.286147428,0.152739815,0.795788889,1.696333333
2005,10,NH25,0.291522634,0.378907407,0.671022222,1.4327
2005,11,NH05,0.031712963,0.024111728,0.718177778,1.070266667
2005,11,NH25,-0.078274383,0.02397963,0.362811111,0.892966667
2005,12,NH05,0.079778744,0.48167029,0.735777778,1.441966667
2005,12,NH25,-0.198935897,0.061141026,0.317388889,0.756333333
2006,2,NH05,-0.079684117,0.183298504,0.639144444,1.293266667
2006,2,NH25,0.266473369,-0.01282328,0.843277778,0.665133333
2006,3,NH05,0.134024108,0.09297284,0.7267,1.4233
2006,4,NH05,-0.06623203,-0.372144856,0.470681481,1.095533333
2006,4,NH25,-0.085373148,-0.591479861,0.414933333,0.528166667
2006,5,NH05,-0.049867923,-0.616569246,0.332819444,1.079341667
2006,5,NH25,0.039807828,-0.439008838,0.540461111,0.764666667
2006,6,NH05,0.156786104,0.151703462,0.415295556,2.166426667
2006,6,NH25,0.486211998,-0.357333796,0.9446,1.0702
2006,7,NH05,0.029892586,0.136233056,0.260416667,2.404933333
2006,7,NH25,0.247269697,0.786282071,0.550755556,2.848933333
2006,8,NH05,0.038765046,-0.184095337,0.280830556,2.230675
2006,8,NH25,0.056989941,-0.645213258,0.429916667,1.211516667
2006,9,NH05,0.071937394,0.409703532,0.4476,2.4278
2006,9,NH25,0.011269753,-0.216264583,0.405316667,1.337116667
2006,10,NH05,-0.202024794,0.141723148,0.307616667,1.685316667
2006,10,NH25,-0.176338477,0.504740741,0.203161111,1.558533333
2006,11,NH05,0.522135185,-0.145954938,1.2086,0.9002
2006,12,NH05,-0.001710145,-0.210696377,0.654288889,0.7496
2006,12,NH25,0.009052991,0.005507692,0.525377778,0.7007
2007,1,NH05,0.032144352,0.237360278,0.806094444,1.303666667
2007,1,NH25,0.065103588,0.078195833,0.593577778,0.653183333
2007,2,NH05,-0.076928561,0.612031838,0.6419,1.722
2007,2,NH25,0.151528924,0.75707672,0.728333333,1.435033333
2007,3,NH05,-0.187387003,-0.24915216,0.405288889,1.081175
2007,3,NH25,-0.393291152,-0.109171914,0.177861111,0.848783333
2007,4,NH05,-0.361502401,0.225155144,0.175411111,1.692833333
2007,4,NH25,-0.31739537,-0.229979861,0.182911111,0.889666667
2007,5,NH05,-0.300650331,0.118900198,0.082037037,1.814811111
2007,5,NH25,-0.077597727,0.596391162,0.423055556,1.800066667
2007,6,NH05,-0.174695562,0.286985129,0.083813889,2.301708333
2007,6,NH25,-0.029315779,-0.14546713,0.429072222,1.282066667
2007,7,NH05,-0.140709266,0.1021775,0.089814815,2.370877778
2007,7,NH25,0.082975253,0.099715404,0.386461111,2.162366667
2007,8,NH05,0.002656713,-0.023137004,0.244722222,2.391633333
2007,8,NH25,-0.028663763,0.067636742,0.344262963,1.924366667
2007,9,NH05,0.147665172,0.136803532,0.523327778,2.1549
2007,9,NH25,-0.025141358,0.40941875,0.368905556,1.9628
2007,10,NH05,-0.071947016,-0.157660185,0.437694444,1.385933333
2007,10,NH25,-0.069106996,-0.15057037,0.310392593,0.903222222
2007,11,NH05,-0.414481481,-0.042804938,0.271983333,1.00335
2007,11,NH25,-0.221241049,0.17612963,0.219844444,1.045116667
2007,12,NH05,-0.5350657,0.222836957,0.120933333,1.183133333
2007,12,NH25,-0.178424786,0.192707692,0.3379,0.8879
2008,2,NH05,-0.258434117,0.188098504,0.460394444,1.298066667
2008,2,NH25,-0.29071552,0.000410053,0.286088889,0.678366667
2008,3,NH05,-0.502809225,0.555206173,0.089866667,1.885533333
2008,3,NH25,-0.295452263,-0.047371914,0.2757,0.910583333
2008,4,NH05,-0.319946845,0.718071811,0.216966667,2.18575
2008,4,NH25,-0.255062037,0.528153472,0.245244444,1.6478
2008,5,NH05,-0.319340146,0.572114087,0.063347222,2.268025
2008,5,NH25,-0.270131061,0.922024495,0.230522222,2.1257
2008,6,NH05,-0.258509451,0.253632351,0,2.268355556
2008,6,NH25,-0.369715779,0.678999537,0.088672222,2.106533333
2008,7,NH05,-0.230524081,0.262824722,0,2.531525
2008,7,NH25,-0.303485859,0.233382071,0,2.296033333
2008,8,NH05,-0.208369213,0.161185218,0.033696296,2.575955556
2008,8,NH25,-0.050060059,-0.835163258,0.322866667,1.021566667
2008,9,NH05,-0.258844087,-0.024907579,0.116818519,1.993188889
2008,9,NH25,-0.240774691,0.583835417,0.153272222,2.137216667
2008,10,NH05,-0.270260905,0.467781481,0.239380556,2.011375
2008,10,NH25,-0.060444033,0.261985185,0.319055556,1.315777778
2008,11,NH05,-0.165698148,0.272628395,0.520766667,1.318783333
2008,11,NH25,0.008725617,0.250146296,0.449811111,1.119133333
2008,12,NH05,0.151678744,0.162403623,0.807677778,1.1227
2008,12,NH25,0.124852991,-0.055425641,0.641177778,0.639766667
2009,1,NH05,-0.261344537,0.868410278,0.512605556,1.934716667
2009,1,NH25,-0.120051968,0.7739125,0.408422222,1.3489
2009,2,NH05,-0.195006339,0.421748504,0.523822222,1.531716667
2009,2,NH25,-0.145482187,0.35837672,0.431322222,1.036333333
2009,3,NH05,-0.466159225,-0.129643827,0.126516667,1.200683333
2009,3,NH25,-0.266263374,-0.158821914,0.304888889,0.799133333
2009,4,NH05,-0.427457956,0.560621811,0.109455556,2.0283
2009,4,NH25,-0.337473148,1.139020139,0.162833333,2.258666667
2009,5,NH05,-0.335416997,0.630000198,0.04727037,2.325911111
2009,5,NH25,-0.202869949,0.481541162,0.297783333,1.685216667
2009,6,NH05,-0.190916858,0.099487907,0.067592593,2.114211111
2009,6,NH25,-0.308273187,0.83633287,0.150114815,2.263866667
2009,7,NH05,-0.212018525,0.076733056,0.018505556,2.345433333
2009,7,NH25,-0.267893266,0.29237096,0.035592593,2.355022222
2009,8,NH05,-0.132493287,0.145329663,0.109572222,2.5601
2009,8,NH25,-0.298815614,-0.677079924,0.074111111,1.17965
2009,9,NH05,-0.165062606,-0.248996468,0.2106,1.7691
2009,9,NH25,-0.050358025,-0.402664583,0.343688889,1.150716667
2009,10,NH05,-0.363963683,-0.183526852,0.145677778,1.360066667
2009,10,NH25,0.036028189,0.022974074,0.415527778,1.076766667
2009,11,NH05,-0.373064815,0.034161728,0.3134,1.080316667
2009,11,NH25,0.11584784,-0.322053704,0.556933333,0.546933333
2009,12,NH05,-0.121549034,0.249603623,0.53445,1.2099
2010,2,NH05,0.387526994,-0.572318162,1.106355556,0.53765
2010,2,NH25,0.485895591,-0.147289947,1.0627,0.530666667
2010,3,NH05,0.208346331,0.042906173,0.801022222,1.373233333
2010,3,NH25,0.24448107,-0.651821914,0.815633333,0.306133333
2010,4,NH05,0.285764266,-0.766678189,0.822677778,0.701
2010,4,NH25,0.10740463,-0.932813194,0.607711111,0.186833333
2010,5,NH05,0.504768188,-0.175055357,0.887455556,1.520855556
2010,5,NH25,0.487050421,-0.202442172,0.987703704,1.001233333
2010,6,NH05,0.322618327,0.195110129,0.581127778,2.209833333
2010,6,NH25,0.222786998,0.18378287,0.681175,1.611316667
2010,7,NH05,0.083189808,0.211074722,0.313713889,2.479775
2010,7,NH25,0.113125253,0.294315404,0.416611111,2.356966667
2010,8,NH05,0.045197454,0.237718552,0.287262963,2.652488889
2010,8,NH25,-0.008693392,-0.365279924,0.364233333,1.49145
2010,9,NH05,-0.030970939,0.286695198,0.344691667,2.304791667
2010,9,NH25,-0.15261358,0.14331875,0.241433333,1.6967
2010,10,NH05,0.044025206,0.539623148,0.553666667,2.083216667
2010,10,NH25,-0.117677366,0.260640741,0.261822222,1.314433333
2010,11,NH05,-0.310175926,0.125461728,0.376288889,1.171616667
2010,11,NH25,-0.03245216,-0.157887037,0.408633333,0.7111
2011,1,NH05,-0.053566759,0.215643611,0.720383333,1.28195
2011,1,NH25,0.19712581,0.097879167,0.7256,0.672866667
2011,2,NH05,0.020276994,0.595298504,0.739105556,1.705266667
2011,2,NH25,-0.215059965,-0.166356614,0.361744444,0.5116
2011,3,NH05,-0.418487003,1.055839506,0.174188889,2.386166667
2011,4,NH05,-0.290963512,0.756505144,0.24595,2.224183333
2011,4,NH25,-0.273562037,0.425453472,0.226744444,1.5451
2011,5,NH05,-0.09475959,0.857122421,0.287927778,2.553033333
2011,5,NH25,-0.160097727,0.415591162,0.340555556,1.619266667
2011,6,NH05,-0.213339081,0.324910129,0.04517037,2.339633333
2011,6,NH25,-0.241754668,0.119966204,0.216633333,1.5475
2011,7,NH05,-0.102535192,0.451183056,0.127988889,2.719883333
2011,7,NH25,-0.16419697,0.356615404,0.139288889,2.419266667
2011,8,NH05,-0.182759954,-0.077103671,0.059305556,2.337666667
2011,8,NH25,-0.305660059,0.864853409,0.067266667,2.721583333
2011,9,NH05,-0.218922606,0.561010198,0.15674,2.579106667
2011,9,NH25,-0.170832099,0.436385417,0.223214815,1.989766667
2011,10,NH05,-0.050941461,0.136889815,0.4587,1.680483333
2011,10,NH25,0.000655967,0.070290741,0.380155556,1.124083333
2011,11,NH05,0.038546296,0.085678395,0.725011111,1.131833333
2011,12,NH05,-0.167687923,0.331603623,0.488311111,1.2919
2011,12,NH25,-0.092569231,0.223541026,0.423755556,0.918733333
2012,1,NH05,0.030905463,1.070260278,0.804855556,2.136566667
2012,1,NH25,-0.210185301,0.562879167,0.318288889,1.137866667
2012,2,NH05,-0.049661895,1.105565171,0.669166667,2.215533333
2012,3,NH05,-0.126125892,0.947639506,0.46655,2.277966667
2012,3,NH25,-0.073791152,-0.05158858,0.497361111,0.906366667
2012,4,NH05,0.060386488,0.052105144,0.5973,1.519783333
2012,4,NH25,0.055521296,-0.272613194,0.555827778,0.847033333
2012,5,NH05,-0.23170959,0.346366865,0.150977778,2.042277778
2012,5,NH25,-0.03029032,0.525768939,0.470362963,1.729444444
2012,6,NH05,-0.215124266,0.501532351,0.043385185,2.516255556
2012,6,NH25,0.17662311,-0.118583796,0.635011111,1.30895
2012,7,NH05,-0.174927784,0.439610833,0.055596296,2.708311111
2012,7,NH25,0.059530808,-0.868217929,0.363016667,1.194433333
2012,8,NH05,-0.182743287,0.411962996,0.059322222,2.826733333
2012,8,NH25,-0.105937837,0.497286742,0.266988889,2.354016667
2012,9,NH05,-0.231084828,0.19878131,0.144577778,2.216877778
2012,9,NH25,-0.115650617,-0.051636806,0.278396296,1.501744444
2012,10,NH05,-0.254835905,-0.090043519,0.254805556,1.45355
2012,10,NH25,0.003200412,-0.068775926,0.3827,0.985016667
2012,11,NH05,0.191051852,-0.247938272,0.877516667,0.798216667
2012,11,NH25,0.140670062,-0.01192037,0.581755556,0.857066667
2012,12,NH05,0.154723188,-0.11452971,0.810722222,0.845766667
2013,1,NH05,0.237261019,0.208426944,1.011211111,1.274733333
2013,1,NH25,-0.127463079,0.051579167,0.401011111,0.626566667
2013,2,NH05,-0.154806339,0.262831838,0.564022222,1.3728
2013,3,NH05,0.040321331,0.729614506,0.632997222,2.059941667
2013,3,NH25,0.132603292,0.647844753,0.703755556,1.6058
2013,4,NH05,-0.270609808,0.809288477,0.266303704,2.276966667
2013,4,NH25,-0.164589815,0.687553472,0.335716667,1.8072
2013,5,NH05,-0.346126257,0.753322421,0.036561111,2.449233333
2013,5,NH25,-0.343753283,0.941191162,0.1569,2.144866667
2013,6,NH05,-0.199679821,0.43302124,0.05882963,2.447744444
2013,6,NH25,-0.139499113,0.812699537,0.318888889,2.240233333
2013,7,NH05,-0.167601858,-0.116066944,0.062922222,2.152633333
2013,7,NH25,-0.232852525,0.171348737,0.070633333,2.234
2013,8,NH05,-0.242065509,0.228529663,0,2.6433
2013,8,NH25,-0.24722117,0.540420076,0.125705556,2.39715
2013,9,NH05,-0.161379272,0.020220198,0.214283333,2.038316667
2013,10,NH05,0.088258539,-0.054443519,0.5979,1.48915
2013,10,NH25,-0.008594033,-0.178992593,0.370905556,0.8748
2013,11,NH05,-0.251287037,0.314745062,0.435177778,1.3609
2013,11,NH25,0.002014506,0.24957963,0.4431,1.118566667
2013,12,NH05,0.130145411,-0.074063043,0.786144444,0.886233333
2013,12,NH25,-0.00195812,-0.290725641,0.514366667,0.404466667
2014,1,NH05,-0.622894537,0.322426944,0.151055556,1.388733333
2014,1,NH25,-0.206985301,0.728945833,0.321488889,1.303933333
2014,2,NH05,-0.417150783,0.641348504,0.301677778,1.751316667
2014,2,NH25,-0.369037743,0.290543386,0.207766667,0.9685
2014,3,NH05,-0.394309225,0.81767284,0.198366667,2.148
2014,4,NH05,-0.340785734,0.372421811,0.196127778,1.8401
2014,4,NH25,-0.156306481,0.268853472,0.344,1.3885
2014,5,NH05,0.059107077,0.614839087,0.441794444,2.31075
2014,5,NH25,-0.263708838,0.055524495,0.236944444,1.2592
2014,6,NH05,-0.190265007,0.096910129,0.068244444,2.111633333
2014,6,NH25,-0.033360224,0.069199537,0.425027778,1.496733333
2014,7,NH05,-0.11996297,0.213883056,0.110561111,2.482583333
2014,7,NH25,-0.032869192,0.152132071,0.270616667,2.214783333
2014,8,NH05,-0.098193287,0.195946329,0.143872222,2.610716667
2014,8,NH25,-0.156704503,0.845336742,0.216222222,2.702066667
2014,9,NH05,0.152118876,0.117159087,0.527781481,2.135255556
2014,9,NH25,0.287497531,-0.981047917,0.681544444,0.572333333
2014,10,NH05,0.531975206,-0.537276852,1.041616667,1.006316667
2014,10,NH25,0.492933745,0.263507407,0.872433333,1.3173
2014,11,NH05,0.228424074,-0.972971605,0.914888889,0.073183333
2014,11,NH25,0.286181173,-0.497987037,0.727266667,0.371
2014,12,NH05,0.053100966,-0.57402971,0.7091,0.386266667
2015,1,NH05,0.08781287,-0.460595278,0.861762963,0.605711111
2015,1,NH25,0.142473958,-0.2907875,0.670948148,0.2842
2015,2,NH05,0.194243661,-0.748968162,0.913072222,0.361
2015,2,NH25,0.330840035,-0.56012328,0.907644444,0.117833333
2015,3,NH05,0.381851886,-0.72637716,0.974527778,0.60395
2015,3,NH25,0.371558848,-0.582871914,0.942711111,0.375083333
2015,4,NH05,0.549730933,-1.101611523,1.086644444,0.366066667
2015,4,NH25,0.240482407,-0.916113194,0.740788889,0.203533333
2015,5,NH05,0.32499041,-0.160633135,0.707677778,1.535277778
2015,5,NH25,0.197430051,-0.967492172,0.698083333,0.236183333
2015,6,NH05,0.214409067,0.031587907,0.472918519,2.046311111
2015,6,NH25,0.261750887,-0.480683796,0.720138889,0.94685
2015,7,NH05,0.471501845,0.036044167,0.702025926,2.304744444
2015,7,NH25,0.064925253,-1.071134596,0.368411111,0.991516667
2015,8,NH05,0.393253009,-0.465637004,0.635318519,1.949133333
2015,8,NH25,0.363106608,-0.370096591,0.736033333,1.486633333
2015,9,NH05,0.561895728,-0.905979802,0.937558333,1.112116667
2015,9,NH25,0.382908642,-1.27918125,0.776955556,0.2742
2015,10,NH05,0.70761965,-0.984876852,1.217261111,0.558716667
2015,10,NH25,0.589994856,-0.598792593,0.969494444,0.455
2015,11,NH05,0.289890741,-1.046154938,0.976355556,0
2015,11,NH25,0.448514506,-0.868987037,0.8896,0
2016,1,NH05,0.061594352,-1.066306389,0.835544444,0
2016,1,NH25,0.072114699,-0.5749875,0.600588889,0
2016,2,NH05,0.356304772,-1.109968162,1.075133333,0
2016,2,NH25,0.09588448,-0.677956614,0.672688889,0
2016,3,NH05,0.296079664,-1.33032716,0.888755556,0
2016,3,NH25,0.174103292,-0.957955247,0.745255556,0
2016,4,NH05,0.542542044,-1.405533745,1.079455556,0.062144444
2016,4,NH25,0.656226852,-1.119646528,1.156533333,0
2016,5,NH05,0.769279299,-1.455260913,1.151966667,0.24065
2016,5,NH25,0.551180051,-0.891642172,1.051833333,0.312033333
2016,6,NH05,0.516086845,-0.661289871,0.774596296,1.353433333
2016,6,NH25,0.497511998,-0.865400463,0.9559,0.562133333
2016,7,NH05,0.447431475,-0.663733611,0.677955556,1.604966667
2016,8,NH05,0.299990046,-0.851970337,0.542055556,1.5628
2016,8,NH25,0.359345497,-0.774629924,0.732272222,1.0821
2016,9,NH05,0.376309616,-0.902513135,0.751972222,1.115583333
2016,9,NH25,0.046830864,-0.076147917,0.440877778,1.477233333
2016,10,NH05,0.218391872,-0.253760185,0.728033333,1.289833333
2016,11,NH05,0.451724074,-0.912388272,1.138188889,0.133766667
2016,12,NH05,0.125123188,-0.84402971,0.781122222,0.116266667
2016,12,NH25,0.053175214,-0.695192308,0.5695,0
2017,1,NH05,-0.055472315,-1.066306389,0.718477778,0
2017,1,NH25,0.201203588,-0.5749875,0.729677778,0
2017,2,NH05,0.180978846,-1.101223718,0.899807407,0.008744444
2017,2,NH25,0.030551146,-0.677956614,0.607355556,0
2017,3,NH05,0.429212997,-1.33032716,1.021888889,0
2017,4,NH05,0.518692044,-1.358144856,1.055605556,0.109533333
2017,5,NH05,0.311857077,-1.571077579,0.694544444,0.124833333
2017,5,NH25,0.326313384,-0.844675505,0.826966667,0.359
2017,6,NH05,0.699323882,-1.236056538,0.957833333,0.778666667
2017,6,NH25,0.034534221,-1.304433796,0.492922222,0.1231
2017,7,NH05,0.266624067,-0.440666944,0.497148148,1.828033333
2017,8,NH05,0.133867824,0.316729663,0.375933333,2.7315
2017,8,NH25,0.513906608,0.263336742,0.886833333,2.120066667
2017,9,NH05,0.063631839,-0.281263135,0.439294444,1.736833333
2017,9,NH25,0.099675309,0.020985417,0.493722222,1.574366667
2017,10,NH05,0.124097428,0.148189815,0.633738889,1.691783333
2017,11,NH05,0.048190741,0.452511728,0.734655556,1.498666667
2017,12,NH05,-0.158293478,-0.258796377,0.497705556,0.7015
2017,12,NH25,0.022086325,0.025341026,0.538411111,0.720533333
2018,2,NH05,0.115699217,-0.082901496,0.834527778,1.027066667
2018,2,NH25,-0.020382187,-0.25352328,0.556422222,0.424433333
2018,3,NH05,0.085607442,0.156156173,0.678283333,1.486483333
2018,3,NH25,0.31908107,0.54161142,0.890233333,1.499566667
2018,4,NH05,0.254903155,0.144938477,0.791816667,1.612616667
2018,5,NH05,0.124923743,-0.046544246,0.507611111,1.649366667
2018,5,NH25,-0.039708838,-0.527142172,0.460944444,0.676533333
2018,6,NH05,0.038896104,0.171760129,0.297405556,2.186483333
2018,6,NH25,0.078989776,0.847366204,0.537377778,2.2749
2018,7,NH05,0.021659253,0.207583056,0.252183333,2.476283333
2018,7,NH25,-0.154763636,-0.118717929,0.148722222,1.943933333
2018,8,NH05,-0.059565509,0.136929663,0.1825,2.5517
2018,9,NH05,-0.220962606,0.577553532,0.1547,2.59565
2018,9,NH25,0.030564198,0.310652083,0.424611111,1.864033333
2018,10,NH05,-0.441997016,-0.307326852,0.067644444,1.236266667
2018,10,NH25,-0.273488477,-0.211492593,0.106011111,0.8423
2018,11,NH05,-0.459364815,0.535778395,0.2271,1.581933333
2018,11,NH25,-0.148218827,-0.012187037,0.292866667,0.8568
2018,12,NH05,-0.303654589,-0.040596377,0.352344444,0.9197
2018,12,NH25,-0.167869231,0.020341026,0.348455556,0.715533333
2019,1,NH05,-0.003416759,-0.517673056,0.770533333,0.548633333
2019,1,NH25,-0.215740856,-0.263054167,0.312733333,0.311933333
2019,2,NH05,0.213615883,-0.746234829,0.932444444,0.363733333
2019,2,NH25,-0.011359965,-0.429856614,0.565444444,0.2481
2019,3,NH05,0.210007442,-0.547543827,0.802683333,0.782783333
2019,3,NH25,-0.202763374,-0.302255247,0.368388889,0.6557
2019,4,NH05,0.127508711,-0.301328189,0.664422222,1.16635
2019,4,NH25,0.202649074,-0.387013194,0.702955556,0.732633333
2019,5,NH05,0.233079299,0.567855754,0.615766667,2.263766667
2019,5,NH25,0.139257828,-0.598642172,0.639911111,0.605033333
2019,6,NH05,-0.066539081,0.701376796,0.19197037,2.7161
2019,6,NH25,-0.163843557,-0.188083796,0.294544444,1.23945
2019,7,NH05,-0.051324081,0.516449722,0.1792,2.78515
2019,7,NH25,0.30220303,-0.265551263,0.605688889,1.7971
2019,8,NH05,0.052267824,0.515896329,0.294333333,2.930666667
2019,9,NH05,0.346559616,-0.354040913,0.722222222,1.664055556
2019,9,NH25,0.242175309,0.510185417,0.636222222,2.063566667
2019,10,NH05,0.334491872,-0.519076852,0.844133333,1.024516667
2019,10,NH25,0.015733745,-0.621925926,0.395233333,0.431866667
2019,11,NH05,0.229785185,-0.297804938,0.91625,0.74835
2019,12,NH05,0.3221343,0.226503623,0.978133333,1.1868
2019,12,NH25,0.12484188,0.174274359,0.641166667,0.869466667
2020,2,NH05,-0.035911895,0.410065171,0.682916667,1.520033333
2020,2,NH25,-0.059337743,0.002410053,0.517466667,0.680366667
2020,3,NH05,-0.047875892,0.714739506,0.5448,2.045066667
2020,3,NH25,0.20898107,0.086144753,0.780133333,1.0441
2020,4,NH05,-0.187446845,0.780988477,0.349466667,2.248666667
2020,4,NH25,0.095771296,0.544120139,0.596077778,1.663766667
2020,5,NH05,-0.337154034,0.622455754,0.045533333,2.318366667
2020,6,NH05,-0.258509451,0.763393462,0,2.778116667
2020,6,NH25,-0.323565779,0.699349537,0.134822222,2.126883333
2020,7,NH05,-0.186974081,0.709999722,0.04355,2.9787
2020,7,NH25,0.00540303,0.729682071,0.308888889,2.792333333
2020,8,NH05,-0.14617662,0.340379663,0.095888889,2.75515
2020,8,NH25,-0.113093392,1.037070076,0.259833333,2.8938
2020,9,NH05,0.071031839,-0.108146468,0.446694444,1.90995
2020,9,NH25,-0.069524691,0.531985417,0.324522222,2.085366667
2020,10,NH05,0.118825206,0.133673148,0.628466667,1.677266667
2020,10,NH25,-0.224166255,0.389474074,0.155333333,1.443266667
2020,11,NH05,0.085957407,0.112611728,0.772422222,1.158766667
2020,12,NH05,0.291712077,0.69872029,0.947711111,1.659016667
2020,12,NH25,0.116486325,0.046641026,0.632811111,0.741833333
2021,1,NH05,-0.199816759,0.934326944,0.574133333,2.000633333
2021,2,NH05,-0.134684117,0.923265171,0.584144444,2.033233333
2021,3,NH05,-0.210259225,0.683406173,0.382416667,2.013733333
2021,3,NH25,-0.072441152,0.71411142,0.498711111,1.672066667
2021,4,NH05,-0.368657956,0.675371811,0.168255556,2.14305
2021,4,NH25,0.056315741,0.871586806,0.556622222,1.991233333
2021,5,NH05,-0.331516997,0.919233532,0.05117037,2.615144444
2021,5,NH25,-0.414664394,1.540757828,0.085988889,2.744433333
2021,6,NH05,-0.258509451,0.496076796,0,2.5108
2021,6,NH25,-0.316365779,0.81813287,0.142022222,2.245666667
2021,7,NH05,-0.155285192,0.448799722,0.075238889,2.7175
2021,7,NH25,-0.226163636,0.430448737,0.077322222,2.4931
2021,8,NH05,-0.208959954,0.149129663,0.033105556,2.5639
2021,8,NH25,-0.279248948,0.420936742,0.093677778,2.277666667
2021,9,NH05,-0.230062606,0.707036865,0.1456,2.725133333
2021,10,NH05,-0.05068035,0.321889815,0.458961111,1.865483333
2021,11,NH05,0.435668519,0.051511728,1.122133333,1.097666667
2021,11,NH25,0.200081173,0.02057963,0.641166667,0.889566667
2021,12,NH05,0.203123188,-0.265896377,0.859122222,0.6944
2022,1,NH05,0.204249907,0.473660278,0.9782,1.539966667
2022,1,NH25,0.22372581,0.121679167,0.7522,0.696666667
2022,2,NH05,0.060204772,0.451848504,0.779033333,1.561816667
2022,2,NH25,0.033828924,0.603210053,0.610633333,1.281166667
2022,3,NH05,-0.115742558,0.965906173,0.476933333,2.296233333
2022,3,NH25,-0.01611893,0.269578086,0.555033333,1.227533333
2022,4,NH05,-0.432069067,1.003155144,0.104844444,2.470833333
2022,4,NH25,0.034493519,0.506053472,0.5348,1.6257
2022,5,NH05,-0.293220701,0.383289087,0.089466667,2.0792
2022,5,NH25,-0.223353283,-0.253742172,0.2773,0.949933333
2022,6,NH05,-0.236059451,-0.168673204,0.02245,1.84605
2022,7,NH05,-0.211235192,-0.296950278,0.019288889,1.97175
2022,8,NH05,-0.230782176,0.208312996,0.011283333,2.623083333
2022,9,NH05,-0.209018161,0.164870198,0.166644444,2.182966667
2022,9,NH25,-0.108546914,-0.348147917,0.2855,1.205233333
2022,10,NH05,0.104308539,0.215423148,0.61395,1.759016667
2022,10,NH25,0.015200412,0.417707407,0.3947,1.4715
2022,11,NH05,0.473768519,0.401028395,1.160233333,1.447183333
2022,11,NH25,0.104170062,0.011146296,0.545255556,0.880133333
2022,12,NH05,0.094589855,0.368803623,0.750588889,1.3291
2022,12,NH25,0.307819658,0.260307692,0.824144444,0.9555
2023,1,NH05,0.12947213,0.439793611,0.903422222,1.5061
2023,2,NH05,-0.319839672,-0.131568162,0.398988889,0.9784
2023,2,NH25,-0.012648854,0.45227672,0.564155556,1.130233333
2023,3,NH05,-0.110442558,0.50532284,0.482233333,1.83565
2023,3,NH25,0.254547737,0.421144753,0.8257,1.3791
2023,4,NH05,0.102092044,0.690355144,0.639005556,2.158033333
2023,4,NH25,0.123982407,0.383486806,0.624288889,1.503133333
2023,5,NH05,-0.166681812,-0.013277579,0.216005556,1.682633333
2023,5,NH25,-0.124731061,0.436857828,0.375922222,1.640533333
2023,6,NH05,-0.169792784,0.317726796,0.088716667,2.33245
2023,6,NH25,-0.233232446,0.608666204,0.225155556,2.0362
2023,7,NH05,-0.189335192,-0.098483611,0.041188889,2.170216667
2023,7,NH25,-0.26139697,-0.230584596,0.042088889,1.832066667
2023,8,NH05,-0.178659954,0.508996329,0.063405556,2.923766667
2023,8,NH25,-0.061882281,-0.694096591,0.311044444,1.162633333
2023,9,NH05,-0.21610705,0.016747976,0.159555556,2.034844444
2023,9,NH25,0.025191975,0.28106875,0.419238889,1.83445