"","Year","Month","Taxa","Density","ID"
"1",1998,3,"Anoplarchus purpurescens",0.0186241415434757,1
"2",1999,3,"Anoplarchus purpurescens",0.0242259799408886,1
"3",2000,2,"Anoplarchus purpurescens",0.00967585873246251,1
"4",2000,3,"Anoplarchus purpurescens",0.0331502178442887,1
"5",2001,1,"Anoplarchus purpurescens",0.0125164278115026,1
"6",2001,2,"Anoplarchus purpurescens",0.0189969604863222,1
"7",2002,3,"Anoplarchus purpurescens",0.0388048117966628,1
"8",2005,4,"Anoplarchus purpurescens",0.0129416332341141,1
"9",2008,3,"Anoplarchus purpurescens",0.0136109976861304,1
"10",2009,3,"Anoplarchus purpurescens",0.0212992545260916,1
"11",2010,2,"Anoplarchus purpurescens",0.110436223081171,1
"12",2010,3,"Anoplarchus purpurescens",0.0377429703717683,1
"13",2011,3,"Anoplarchus purpurescens",0.0220890985880648,1
"14",2012,2,"Anoplarchus purpurescens",0.035882451213356,1
"15",2013,3,"Anoplarchus purpurescens",0.0603228721408467,1
"16",2013,4,"Anoplarchus purpurescens",0.0855182290657076,1
"17",2014,2,"Anoplarchus purpurescens",0.0223313979455114,1
"18",2014,4,"Anoplarchus purpurescens",0.0190548780487805,1
"19",2015,4,"Anoplarchus purpurescens",0.0283929585462805,1
"20",2016,3,"Anoplarchus purpurescens",0.0347463516330785,1
"21",2017,3,"Anoplarchus purpurescens",0.0641711229946524,1
"22",2018,3,"Anoplarchus purpurescens",0.0290275761973875,1
"23",2018,4,"Anoplarchus purpurescens",0.015145826920024,1
"24",2019,3,"Anoplarchus purpurescens",0.0591769980648846,1
"25",2020,3,"Anoplarchus purpurescens",0.0978148443248806,1
"26",2021,3,"Anoplarchus purpurescens",0.340517006357823,1
"27",2022,2,"Anoplarchus purpurescens",0.022068113231489,1
"28",2022,3,"Anoplarchus purpurescens",0.0749098740577742,1
"29",2023,2,"Anoplarchus purpurescens",0.0179962279906132,1
"30",2023,3,"Anoplarchus purpurescens",0.0239878333709143,1
"31",2023,4,"Anoplarchus purpurescens",0.058618880555238,1
"32",2023,5,"Anoplarchus purpurescens",0.0246901387585798,1
"33",1997,6,"Artedius fenestralis",0.00560600964233659,2
"34",1999,8,"Artedius fenestralis",0.0052565180824222,2
"35",2000,4,"Artedius fenestralis",0.00112930547713156,2
"36",2000,7,"Artedius fenestralis",0.00179083094555874,2
"37",2000,9,"Artedius fenestralis",0.0028169014084507,2
"38",2000,10,"Artedius fenestralis",0.0184433788270011,2
"39",2002,4,"Artedius fenestralis",0.0189100911122572,2
"40",2004,5,"Artedius fenestralis",0.0148942508191838,2
"41",2010,6,"Artedius fenestralis",0.0220142123755096,2
"42",2013,5,"Artedius fenestralis",0.0532174753416828,2
"43",2014,4,"Artedius fenestralis",0.0703361718232616,2
"44",2014,5,"Artedius fenestralis",0.05720823798627,2
"45",2014,6,"Artedius fenestralis",0.0250596495312976,2
"46",2014,7,"Artedius fenestralis",0.0194287934719254,2
"47",2016,2,"Artedius fenestralis",0.0220118864186661,2
"48",2016,5,"Artedius fenestralis",0.0801763880537182,2
"49",2016,7,"Artedius fenestralis",0.0362056480811006,2
"50",2017,2,"Artedius fenestralis",0.0339673913043478,2
"51",2017,4,"Artedius fenestralis",0.144907635058464,2
"52",2017,5,"Artedius fenestralis",0.0763164589163063,2
"53",2018,2,"Artedius fenestralis",0.0938967136150235,2
"54",2018,3,"Artedius fenestralis",0.261248185776488,2
"55",2019,1,"Artedius fenestralis",0.207361327112494,2
"56",2019,3,"Artedius fenestralis",0.0454855583352286,2
"57",2019,4,"Artedius fenestralis",0.0355943980010027,2
"58",2019,7,"Artedius fenestralis",0.0153421294875729,2
"59",2020,2,"Artedius fenestralis",0.0890945979884192,2
"60",2020,3,"Artedius fenestralis",0.0249737344323881,2
"61",2020,6,"Artedius fenestralis",0.0141476768510845,2
"62",2020,7,"Artedius fenestralis",0.0235057001020289,2
"63",2021,1,"Artedius fenestralis",0.0261944431473028,2
"64",2021,3,"Artedius fenestralis",0.0200304121386954,2
"65",2022,2,"Artedius fenestralis",0.0727069144956424,2
"66",2022,7,"Artedius fenestralis",0.0331639759627502,2
"67",2023,1,"Artedius fenestralis",0.0239783761888256,2
"68",2023,3,"Artedius fenestralis",0.0691841520288275,2
"69",2023,7,"Artedius fenestralis",0.0231053604436229,2
"70",1997,8,"Artedius harringtoni",0.00627943485086342,3
"71",1998,3,"Artedius harringtoni",0.00499126528574994,3
"72",1998,4,"Artedius harringtoni",0.00549953872541752,3
"73",1998,5,"Artedius harringtoni",0.00451100685673042,3
"74",1998,6,"Artedius harringtoni",0.314169022934339,3
"75",1999,3,"Artedius harringtoni",0.00571250456074237,3
"76",2000,3,"Artedius harringtoni",0.00947149081265391,3
"77",2000,4,"Artedius harringtoni",0.00112930547713156,3
"78",2000,7,"Artedius harringtoni",0.00973101539884824,3
"79",2000,9,"Artedius harringtoni",0.00563380281690141,3
"80",2001,1,"Artedius harringtoni",0.0167728452308574,3
"81",2001,2,"Artedius harringtoni",0.0754019951486948,3
"82",2001,5,"Artedius harringtoni",0.0396240235513212,3
"83",2001,7,"Artedius harringtoni",0.0154059466954244,3
"84",2002,3,"Artedius harringtoni",0.0306106551697952,3
"85",2002,4,"Artedius harringtoni",0.0125064181788994,3
"86",2002,7,"Artedius harringtoni",0.00864055299539171,3
"87",2003,3,"Artedius harringtoni",0.014168319637291,3
"88",2003,5,"Artedius harringtoni",0.0149835181300569,3
"89",2004,1,"Artedius harringtoni",0.017096939647803,3
"90",2004,5,"Artedius harringtoni",0.0166294167730949,3
"91",2004,6,"Artedius harringtoni",0.00730273487421039,3
"92",2005,3,"Artedius harringtoni",0.0200080032012805,3
"93",2006,5,"Artedius harringtoni",0.0059206631142688,3
"94",2007,3,"Artedius harringtoni",0.0141631565804082,3
"95",2008,3,"Artedius harringtoni",0.0272219953722608,3
"96",2009,1,"Artedius harringtoni",0.13196093956189,3
"97",2009,3,"Artedius harringtoni",0.0372034780207322,3
"98",2010,2,"Artedius harringtoni",0.0281065873817138,3
"99",2010,3,"Artedius harringtoni",0.0285595301384127,3
"100",2010,5,"Artedius harringtoni",0.0344175863550826,3
"101",2010,6,"Artedius harringtoni",0.01820495964757,3
"102",2011,2,"Artedius harringtoni",0.0247595844351348,3
"103",2012,2,"Artedius harringtoni",0.0221734924087772,3
"104",2012,4,"Artedius harringtoni",0.0272237146867585,3
"105",2012,6,"Artedius harringtoni",0.0429922613929493,3
"106",2012,7,"Artedius harringtoni",0.0421204007650635,3
"107",2013,2,"Artedius harringtoni",0.0540016870127023,3
"108",2013,3,"Artedius harringtoni",0.107687105078897,3
"109",2013,4,"Artedius harringtoni",0.0749063670411985,3
"110",2013,5,"Artedius harringtoni",0.0220182064094883,3
"111",2013,8,"Artedius harringtoni",0.0206825232678387,3
"112",2013,12,"Artedius harringtoni",0.0260929828663037,3
"113",2014,2,"Artedius harringtoni",0.0223313979455114,3
"114",2014,4,"Artedius harringtoni",0.0571646341463415,3
"115",2014,6,"Artedius harringtoni",0.0234027615258601,3
"116",2014,7,"Artedius harringtoni",0.0300210147102972,3
"117",2015,3,"Artedius harringtoni",0.0395512898979023,3
"118",2015,4,"Artedius harringtoni",0.170357751277683,3
"119",2015,5,"Artedius harringtoni",0.0263019463440295,3
"120",2016,1,"Artedius harringtoni",0.0347463516330785,3
"121",2016,3,"Artedius harringtoni",0.0347463516330785,3
"122",2016,4,"Artedius harringtoni",0.0360248787982168,3
"123",2016,5,"Artedius harringtoni",0.054280643643663,3
"124",2016,7,"Artedius harringtoni",0.0362056480811006,3
"125",2016,9,"Artedius harringtoni",0.0433275563258232,3
"126",2017,2,"Artedius harringtoni",0.0530785562632696,3
"127",2017,3,"Artedius harringtoni",0.0427807486631016,3
"128",2017,4,"Artedius harringtoni",0.0729506309442138,3
"129",2017,5,"Artedius harringtoni",0.101755278555075,3
"130",2018,2,"Artedius harringtoni",0.0709916237105957,3
"131",2018,3,"Artedius harringtoni",0.203193033381713,3
"132",2018,5,"Artedius harringtoni",0.0422832980972516,3
"133",2018,12,"Artedius harringtoni",0.0628930817610063,3
"134",2019,1,"Artedius harringtoni",0.0259201658890617,3
"135",2019,2,"Artedius harringtoni",0.0252206809583859,3
"136",2019,3,"Artedius harringtoni",0.0212920074176057,3
"137",2019,4,"Artedius harringtoni",0.0540227753661718,3
"138",2019,7,"Artedius harringtoni",0.0153421294875729,3
"139",2019,8,"Artedius harringtoni",0.0290377073144017,3
"140",2020,2,"Artedius harringtoni",0.0520609790766663,3
"141",2020,3,"Artedius harringtoni",0.167682590271224,3
"142",2020,6,"Artedius harringtoni",0.0158329434471009,3
"143",2021,1,"Artedius harringtoni",0.0172977145244171,3
"144",2021,2,"Artedius harringtoni",0.0628078579981639,3
"145",2021,3,"Artedius harringtoni",0.0200304121386954,3
"146",2021,6,"Artedius harringtoni",0.0225343073562345,3
"147",2021,7,"Artedius harringtoni",0.0307494808980258,3
"148",2022,2,"Artedius harringtoni",0.0308364289399489,3
"149",2022,3,"Artedius harringtoni",0.26218455920221,3
"150",2022,4,"Artedius harringtoni",0.0459946580430685,3
"151",2022,5,"Artedius harringtoni",0.0318172229133721,3
"152",2023,1,"Artedius harringtoni",0.0224068547049914,3
"153",2023,2,"Artedius harringtoni",0.0287648930233628,3
"154",2023,3,"Artedius harringtoni",0.0479756667418285,3
"155",2023,4,"Artedius harringtoni",0.0442301813013012,3
"156",2023,8,"Artedius harringtoni",0.0209400402886375,3
"157",1997,4,"Engraulis mordax",0.00879120879120879,4
"158",1997,5,"Engraulis mordax",0.0646386296610512,4
"159",1997,8,"Engraulis mordax",0.00437082040298964,4
"160",1998,3,"Engraulis mordax",0.019868248603353,4
"161",1998,4,"Engraulis mordax",0.0143181455012135,4
"162",1998,7,"Engraulis mordax",0.0345512654400967,4
"163",1999,7,"Engraulis mordax",0.0107758620689655,4
"164",2000,7,"Engraulis mordax",0.00170155130919805,4
"165",2000,8,"Engraulis mordax",0.100114708552276,4
"166",2000,9,"Engraulis mordax",0.0021092665445494,4
"167",2001,6,"Engraulis mordax",0.0316205533596838,4
"168",2001,7,"Engraulis mordax",0.606520090978014,4
"169",2002,7,"Engraulis mordax",0.026902495781638,4
"170",2004,5,"Engraulis mordax",0.802016143437447,4
"171",2004,6,"Engraulis mordax",0.0805744840887992,4
"172",2004,8,"Engraulis mordax",0.0148879635458297,4
"173",2005,4,"Engraulis mordax",0.0184433788270011,4
"174",2005,5,"Engraulis mordax",0.271645376225161,4
"175",2005,6,"Engraulis mordax",0.363364766988942,4
"176",2005,7,"Engraulis mordax",1.12368584647849,4
"177",2007,6,"Engraulis mordax",0.0366440369786697,4
"178",2007,7,"Engraulis mordax",0.137523938684694,4
"179",2007,8,"Engraulis mordax",0.0165486546660727,4
"180",2008,5,"Engraulis mordax",0.0170009088124821,4
"181",2008,8,"Engraulis mordax",0.0458445973794978,4
"182",2009,6,"Engraulis mordax",0.107675161761889,4
"183",2009,7,"Engraulis mordax",0.00625134321439521,4
"184",2010,5,"Engraulis mordax",0.0897417949076916,4
"185",2010,6,"Engraulis mordax",0.0945648140492535,4
"186",2010,7,"Engraulis mordax",0.0964361142873615,4
"187",2011,6,"Engraulis mordax",0.832732732283796,4
"188",2011,7,"Engraulis mordax",2.49461525780086,4
"189",2012,6,"Engraulis mordax",0.453513484412428,4
"190",2012,7,"Engraulis mordax",0.147091393359444,4
"191",2012,8,"Engraulis mordax",0.0172553305106329,4
"192",2013,6,"Engraulis mordax",0.0449697039104755,4
"193",2014,6,"Engraulis mordax",0.0197511356903022,4
"194",2014,7,"Engraulis mordax",0.046706955542888,4
"195",2015,2,"Engraulis mordax",0.182896742607353,4
"196",2015,3,"Engraulis mordax",2.67413813371382,4
"197",2015,4,"Engraulis mordax",9.2654518163169,4
"198",2015,5,"Engraulis mordax",1.18404651078148,4
"199",2015,9,"Engraulis mordax",0.0376506024096386,4
"200",2015,10,"Engraulis mordax",0.0176616036736136,4
"201",2016,1,"Engraulis mordax",0.0347463516330785,4
"202",2016,2,"Engraulis mordax",0.545661078789638,4
"203",2016,3,"Engraulis mordax",0.915487400635947,4
"204",2016,4,"Engraulis mordax",3.93761584453278,4
"205",2016,5,"Engraulis mordax",0.621817808264798,4
"206",2016,6,"Engraulis mordax",4.2719481062508,4
"207",2016,7,"Engraulis mordax",0.258899676375405,4
"208",2016,8,"Engraulis mordax",0.0170839928881636,4
"209",2016,11,"Engraulis mordax",0.129470788153423,4
"210",2016,12,"Engraulis mordax",0.371674923192132,4
"211",2017,1,"Engraulis mordax",0.0822675940380673,4
"212",2017,2,"Engraulis mordax",0.014421690222094,4
"213",2017,3,"Engraulis mordax",0.0398863190596249,4
"214",2017,4,"Engraulis mordax",0.0668918478132844,4
"215",2017,5,"Engraulis mordax",0.403662473846581,4
"216",2017,6,"Engraulis mordax",1.41352602540911,4
"217",2017,7,"Engraulis mordax",0.0363108206245461,4
"218",2017,8,"Engraulis mordax",0.0844594594594595,4
"219",2018,2,"Engraulis mordax",0.0160091329476059,4
"220",2018,7,"Engraulis mordax",0.0312989045383412,4
"221",2018,8,"Engraulis mordax",0.0894657263639252,4
"222",2019,6,"Engraulis mordax",0.0208811860513677,4
"223",2019,7,"Engraulis mordax",0.415736356922071,4
"224",2019,8,"Engraulis mordax",0.108431158559844,4
"225",2019,9,"Engraulis mordax",0.0222890894906943,4
"226",2019,10,"Engraulis mordax",0.0204144125752781,4
"227",2020,8,"Engraulis mordax",0.0154025344562397,4
"228",2021,8,"Engraulis mordax",0.0208082983493817,4
"229",2022,6,"Engraulis mordax",0.185772111794888,4
"230",2022,7,"Engraulis mordax",0.11265625422461,4
"231",2022,8,"Engraulis mordax",0.0166867696473375,4
"232",2023,5,"Engraulis mordax",0.00659406600000659,4
"233",2023,8,"Engraulis mordax",0.0177015417408063,4
"234",1997,3,"Glyptocephalus zachirus",0.0459576423729463,5
"235",1997,4,"Glyptocephalus zachirus",0.0043956043956044,5
"236",1997,5,"Glyptocephalus zachirus",0.00685364349589223,5
"237",1998,3,"Glyptocephalus zachirus",0.0050562034044288,5
"238",1998,4,"Glyptocephalus zachirus",0.00726427429899753,5
"239",1999,3,"Glyptocephalus zachirus",0.00406755127741561,5
"240",2000,4,"Glyptocephalus zachirus",0.00192336802047382,5
"241",2000,7,"Glyptocephalus zachirus",0.000535074107763925,5
"242",2000,9,"Glyptocephalus zachirus",0.000694339748567016,5
"243",2001,3,"Glyptocephalus zachirus",0.0114377216058561,5
"244",2001,5,"Glyptocephalus zachirus",0.0170299727520436,5
"245",2002,3,"Glyptocephalus zachirus",0.0856898029134533,5
"246",2002,4,"Glyptocephalus zachirus",0.0116170545052337,5
"247",2002,5,"Glyptocephalus zachirus",0.00318695233385815,5
"248",2002,7,"Glyptocephalus zachirus",0.00152753379668525,5
"249",2003,3,"Glyptocephalus zachirus",0.0296340198547933,5
"250",2004,3,"Glyptocephalus zachirus",0.0608103628099025,5
"251",2005,3,"Glyptocephalus zachirus",0.0280610619112217,5
"252",2005,5,"Glyptocephalus zachirus",0.00226498514169747,5
"253",2006,5,"Glyptocephalus zachirus",0.00476428540869117,5
"254",2007,3,"Glyptocephalus zachirus",0.0264224378665633,5
"255",2007,4,"Glyptocephalus zachirus",0.0102679946606428,5
"256",2007,5,"Glyptocephalus zachirus",0.0166383837119034,5
"257",2008,3,"Glyptocephalus zachirus",0.0272219953722608,5
"258",2008,5,"Glyptocephalus zachirus",0.00507741038772754,5
"259",2008,6,"Glyptocephalus zachirus",0.00660719722694294,5
"260",2008,7,"Glyptocephalus zachirus",0.0056807853117615,5
"261",2008,8,"Glyptocephalus zachirus",0.00678677754445938,5
"262",2009,2,"Glyptocephalus zachirus",0.0266098988823842,5
"263",2009,6,"Glyptocephalus zachirus",0.0411474893395531,5
"264",2010,2,"Glyptocephalus zachirus",0.0282202275684518,5
"265",2010,3,"Glyptocephalus zachirus",0.0408116352021833,5
"266",2010,4,"Glyptocephalus zachirus",0.0504516787894417,5
"267",2010,6,"Glyptocephalus zachirus",0.0164467100898002,5
"268",2011,5,"Glyptocephalus zachirus",0.0581694851341156,5
"269",2012,5,"Glyptocephalus zachirus",0.0145877215672084,5
"270",2012,6,"Glyptocephalus zachirus",0.0287624267401685,5
"271",2013,2,"Glyptocephalus zachirus",0.0256965565586349,5
"272",2013,3,"Glyptocephalus zachirus",0.0209809083457566,5
"273",2013,4,"Glyptocephalus zachirus",0.0187265917602996,5
"274",2014,2,"Glyptocephalus zachirus",0.015477020339281,5
"275",2014,4,"Glyptocephalus zachirus",0.0326844601414971,5
"276",2014,5,"Glyptocephalus zachirus",0.0186497575531518,5
"277",2014,7,"Glyptocephalus zachirus",0.0259067357512953,5
"278",2015,2,"Glyptocephalus zachirus",0.0192715359414145,5
"279",2015,3,"Glyptocephalus zachirus",0.0323822599677889,5
"280",2015,8,"Glyptocephalus zachirus",0.0344827586206897,5
"281",2016,2,"Glyptocephalus zachirus",0.0195615949718899,5
"282",2016,5,"Glyptocephalus zachirus",0.0320769847634322,5
"283",2016,8,"Glyptocephalus zachirus",0.00576535024502739,5
"284",2017,1,"Glyptocephalus zachirus",0.0248015873015873,5
"285",2017,3,"Glyptocephalus zachirus",0.0263122493958858,5
"286",2017,4,"Glyptocephalus zachirus",0.0358825025161071,5
"287",2017,5,"Glyptocephalus zachirus",0.0237862535555508,5
"288",2017,8,"Glyptocephalus zachirus",0.0297441998810232,5
"289",2018,2,"Glyptocephalus zachirus",0.00701557457555774,5
"290",2018,3,"Glyptocephalus zachirus",0.0677244799742498,5
"291",2018,4,"Glyptocephalus zachirus",0.028947749312491,5
"292",2018,5,"Glyptocephalus zachirus",0.0256673511293634,5
"293",2019,3,"Glyptocephalus zachirus",0.0251894100200732,5
"294",2019,12,"Glyptocephalus zachirus",0.0122054072395153,5
"295",2020,3,"Glyptocephalus zachirus",0.0383244070817558,5
"296",2020,4,"Glyptocephalus zachirus",0.0351508168156666,5
"297",2020,6,"Glyptocephalus zachirus",0.0124624102550682,5
"298",2021,3,"Glyptocephalus zachirus",0.0190648105022936,5
"299",2021,5,"Glyptocephalus zachirus",0.00600706021801544,5
"300",2022,3,"Glyptocephalus zachirus",0.0587873356315563,5
"301",2022,5,"Glyptocephalus zachirus",0.0142608596446194,5
"302",2023,3,"Glyptocephalus zachirus",0.0557027535095113,5
"303",2023,4,"Glyptocephalus zachirus",0.0478523033352895,5
"304",2023,5,"Glyptocephalus zachirus",0.0131881320000132,5
"305",1996,12,"Hemilepidotus hemilepidotus",0.00520969002344361,6
"306",1997,5,"Hemilepidotus hemilepidotus",0.00623908160718742,6
"307",1998,1,"Hemilepidotus hemilepidotus",0.0047463097441739,6
"308",2002,4,"Hemilepidotus hemilepidotus",0.00227139983126744,6
"309",2004,1,"Hemilepidotus hemilepidotus",0.0173641257162702,6
"310",2004,12,"Hemilepidotus hemilepidotus",0.0161812297734628,6
"311",2009,1,"Hemilepidotus hemilepidotus",0.0240209186473391,6
"312",2009,3,"Hemilepidotus hemilepidotus",0.038001140034201,6
"313",2010,2,"Hemilepidotus hemilepidotus",0.028604118993135,6
"314",2011,1,"Hemilepidotus hemilepidotus",0.0391590665600106,6
"315",2012,2,"Hemilepidotus hemilepidotus",0.0169290672083968,6
"316",2014,1,"Hemilepidotus hemilepidotus",0.0183466116564708,6
"317",2015,1,"Hemilepidotus hemilepidotus",0.0264900662251656,6
"318",2015,2,"Hemilepidotus hemilepidotus",0.0232342007434944,6
"319",2017,1,"Hemilepidotus hemilepidotus",0.0411692054343351,6
"320",2017,2,"Hemilepidotus hemilepidotus",0.0243724104313917,6
"321",2019,1,"Hemilepidotus hemilepidotus",0.0518403317781234,6
"322",2020,2,"Hemilepidotus hemilepidotus",0.0252256433800344,6
"323",2021,1,"Hemilepidotus hemilepidotus",0.0168019718030626,6
"324",2022,2,"Hemilepidotus hemilepidotus",0.0343056238544017,6
"325",1999,2,"Hemilepidotus spinosus",0.0644584283780743,7
"326",2000,2,"Hemilepidotus spinosus",0.0171378207943153,7
"327",2002,1,"Hemilepidotus spinosus",0.00969274013763691,7
"328",2002,4,"Hemilepidotus spinosus",0.000417312351531037,7
"329",2004,1,"Hemilepidotus spinosus",0.0173641257162702,7
"330",2006,2,"Hemilepidotus spinosus",0.0137211855104281,7
"331",2007,1,"Hemilepidotus spinosus",0.012298610257041,7
"332",2007,2,"Hemilepidotus spinosus",0.0915192190359976,7
"333",2008,2,"Hemilepidotus spinosus",0.0245579567779961,7
"334",2009,1,"Hemilepidotus spinosus",0.0304194104697154,7
"335",2009,2,"Hemilepidotus spinosus",0.0234027615258601,7
"336",2011,1,"Hemilepidotus spinosus",0.028907582458879,7
"337",2012,2,"Hemilepidotus spinosus",0.0169290672083968,7
"338",2014,1,"Hemilepidotus spinosus",0.0156494522691706,7
"339",2014,2,"Hemilepidotus spinosus",0.0180543880536449,7
"340",2015,1,"Hemilepidotus spinosus",0.0185675847256371,7
"341",2015,2,"Hemilepidotus spinosus",0.0163371998039536,7
"342",2016,2,"Hemilepidotus spinosus",0.0238322211630124,7
"343",2017,1,"Hemilepidotus spinosus",0.16467682173734,7
"344",2017,2,"Hemilepidotus spinosus",0.0601896159265669,7
"345",2018,2,"Hemilepidotus spinosus",0.0260106502854192,7
"346",2018,3,"Hemilepidotus spinosus",0.022706810779905,7
"347",2019,1,"Hemilepidotus spinosus",0.0259201658890617,7
"348",2020,2,"Hemilepidotus spinosus",0.0260304895383332,7
"349",2021,1,"Hemilepidotus spinosus",0.0336039436061253,7
"350",2021,2,"Hemilepidotus spinosus",0.0239869206424603,7
"351",2022,2,"Hemilepidotus spinosus",0.0213091822201484,7
"352",2023,1,"Hemilepidotus spinosus",0.0255498976726598,7
"353",2023,2,"Hemilepidotus spinosus",0.0287648930233628,7
"354",1999,2,"Hexagrammos decagrammus",0.00382394554701541,8
"355",2001,1,"Hexagrammos decagrammus",0.0136705399863295,8
"356",2002,1,"Hexagrammos decagrammus",0.00969274013763691,8
"357",2004,1,"Hexagrammos decagrammus",0.0148986889153754,8
"358",2005,2,"Hexagrammos decagrammus",0.0130463144161774,8
"359",2005,12,"Hexagrammos decagrammus",0.0138178803371563,8
"360",2007,3,"Hexagrammos decagrammus",0.00922764602749838,8
"361",2012,2,"Hexagrammos decagrammus",0.0189950349908548,8
"362",2013,2,"Hexagrammos decagrammus",0.0540016870127023,8
"363",2014,1,"Hexagrammos decagrammus",0.0156494522691706,8
"364",2014,2,"Hexagrammos decagrammus",0.0191864927091328,8
"365",2015,1,"Hexagrammos decagrammus",0.0210034217340395,8
"366",2015,2,"Hexagrammos decagrammus",0.0217160702768169,8
"367",2015,3,"Hexagrammos decagrammus",0.0286532951289398,8
"368",2016,2,"Hexagrammos decagrammus",0.0220118864186661,8
"369",2017,1,"Hexagrammos decagrammus",0.023906287353574,8
"370",2017,2,"Hexagrammos decagrammus",0.0204804841768644,8
"371",2018,2,"Hexagrammos decagrammus",0.0394744477797766,8
"372",2018,3,"Hexagrammos decagrammus",0.0236574402649633,8
"373",2019,1,"Hexagrammos decagrammus",0.0475398145947231,8
"374",2020,2,"Hexagrammos decagrammus",0.0198017160809804,8
"375",2022,1,"Hexagrammos decagrammus",0.0980488283165016,8
"376",1997,2,"Isopsetta isolepis",0.00425079702444208,9
"377",1997,3,"Isopsetta isolepis",0.0044849082836256,9
"378",1997,5,"Isopsetta isolepis",0.00347705146036161,9
"379",1997,7,"Isopsetta isolepis",0.0131121746541664,9
"380",1998,4,"Isopsetta isolepis",0.00314485187747657,9
"381",1998,5,"Isopsetta isolepis",0.0125114688464426,9
"382",1998,10,"Isopsetta isolepis",0.0159676389184586,9
"383",1999,4,"Isopsetta isolepis",0.00364471334329555,9
"384",2000,2,"Isopsetta isolepis",0.0362260505554661,9
"385",2000,4,"Isopsetta isolepis",0.00510760688711266,9
"386",2001,1,"Isopsetta isolepis",0.0147710487444609,9
"387",2001,4,"Isopsetta isolepis",0.0152415790275873,9
"388",2001,5,"Isopsetta isolepis",0.0466635557629491,9
"389",2001,6,"Isopsetta isolepis",0.0272042647713076,9
"390",2001,10,"Isopsetta isolepis",0.0233426704014939,9
"391",2002,3,"Isopsetta isolepis",0.558366731829772,9
"392",2002,4,"Isopsetta isolepis",0.0360272994047217,9
"393",2003,3,"Isopsetta isolepis",0.0425049589118731,9
"394",2004,5,"Isopsetta isolepis",0.0206314900176124,9
"395",2005,1,"Isopsetta isolepis",0.0416406412658755,9
"396",2005,3,"Isopsetta isolepis",0.0361141206211629,9
"397",2005,5,"Isopsetta isolepis",0.00914268996224069,9
"398",2005,8,"Isopsetta isolepis",0.019669551534225,9
"399",2006,2,"Isopsetta isolepis",0.0823271130625686,9
"400",2007,3,"Isopsetta isolepis",0.0398928918282779,9
"401",2008,3,"Isopsetta isolepis",0.0343492805563087,9
"402",2010,2,"Isopsetta isolepis",0.5856890253896,9
"403",2010,3,"Isopsetta isolepis",0.395527106946804,9
"404",2010,5,"Isopsetta isolepis",0.0378611304747853,9
"405",2010,7,"Isopsetta isolepis",0.0384871753852717,9
"406",2010,8,"Isopsetta isolepis",0.0254906309186059,9
"407",2010,9,"Isopsetta isolepis",0.0252206809583859,9
"408",2011,1,"Isopsetta isolepis",0.117905647584194,9
"409",2011,2,"Isopsetta isolepis",0.13262599469496,9
"410",2011,3,"Isopsetta isolepis",0.220890985880648,9
"411",2012,2,"Isopsetta isolepis",0.108117924796038,9
"412",2012,5,"Isopsetta isolepis",0.0228885328450446,9
"413",2012,6,"Isopsetta isolepis",0.0582329844977207,9
"414",2012,7,"Isopsetta isolepis",0.0191754554170662,9
"415",2013,2,"Isopsetta isolepis",0.189005904544458,9
"416",2013,3,"Isopsetta isolepis",0.0364154893996601,9
"417",2013,4,"Isopsetta isolepis",0.205992509363296,9
"418",2013,5,"Isopsetta isolepis",0.0185132447599962,9
"419",2013,6,"Isopsetta isolepis",0.0207105371070693,9
"420",2013,7,"Isopsetta isolepis",0.0281531531531532,9
"421",2013,8,"Isopsetta isolepis",0.0206825232678387,9
"422",2014,2,"Isopsetta isolepis",0.0753784052903406,9
"423",2014,6,"Isopsetta isolepis",0.0830597786089238,9
"424",2014,7,"Isopsetta isolepis",0.0582888970988684,9
"425",2015,2,"Isopsetta isolepis",0.727864974296684,9
"426",2015,3,"Isopsetta isolepis",0.581175483418665,9
"427",2015,4,"Isopsetta isolepis",0.0548521731224585,9
"428",2015,5,"Isopsetta isolepis",0.154586769282614,9
"429",2015,6,"Isopsetta isolepis",0.055623961205134,9
"430",2015,7,"Isopsetta isolepis",0.026267402153927,9
"431",2016,1,"Isopsetta isolepis",0.0694927032661571,9
"432",2016,2,"Isopsetta isolepis",0.426178221999455,9
"433",2016,3,"Isopsetta isolepis",0.142266093397444,9
"434",2016,4,"Isopsetta isolepis",0.165060653158485,9
"435",2016,5,"Isopsetta isolepis",0.0399991573507952,9
"436",2016,10,"Isopsetta isolepis",0.0226295541977823,9
"437",2017,2,"Isopsetta isolepis",0.227114791878924,9
"438",2017,3,"Isopsetta isolepis",0.0408511289274505,9
"439",2017,4,"Isopsetta isolepis",0.273747604708459,9
"440",2017,10,"Isopsetta isolepis",0.176263219741481,9
"441",2018,2,"Isopsetta isolepis",0.0826266472362398,9
"442",2018,3,"Isopsetta isolepis",0.175421750851702,9
"443",2018,4,"Isopsetta isolepis",0.130264871906209,9
"444",2018,5,"Isopsetta isolepis",0.0969183748506297,9
"445",2018,8,"Isopsetta isolepis",0.0494071146245059,9
"446",2019,3,"Isopsetta isolepis",0.308446109093223,9
"447",2019,7,"Isopsetta isolepis",0.0270985367295197,9
"448",2019,8,"Isopsetta isolepis",0.0282246683601468,9
"449",2020,2,"Isopsetta isolepis",0.585401981396164,9
"450",2020,3,"Isopsetta isolepis",1.79830686725839,9
"451",2020,4,"Isopsetta isolepis",0.0282415511630335,9
"452",2020,5,"Isopsetta isolepis",0.0183678072585166,9
"453",2020,7,"Isopsetta isolepis",0.0259638865705302,9
"454",2021,2,"Isopsetta isolepis",0.324770280800264,9
"455",2021,3,"Isopsetta isolepis",0.0801216485547818,9
"456",2021,4,"Isopsetta isolepis",0.668812522941079,9
"457",2021,6,"Isopsetta isolepis",0.0216908172289424,9
"458",2022,2,"Isopsetta isolepis",0.0396047446484089,9
"459",2022,3,"Isopsetta isolepis",1.01128329977995,9
"460",2022,4,"Isopsetta isolepis",0.12115403843798,9
"461",2022,5,"Isopsetta isolepis",0.166440111821583,9
"462",2022,7,"Isopsetta isolepis",0.0966088949702895,9
"463",2022,8,"Isopsetta isolepis",0.0188225854933328,9
"464",2023,1,"Isopsetta isolepis",0.123034923911796,9
"465",2023,2,"Isopsetta isolepis",0.79530245425782,9
"466",2023,3,"Isopsetta isolepis",0.0946340141239258,9
"467",2023,4,"Isopsetta isolepis",0.0298414820473644,9
"468",2023,5,"Isopsetta isolepis",0.0275016562272595,9
"469",2023,6,"Isopsetta isolepis",0.0340947827008506,9
"470",2023,7,"Isopsetta isolepis",0.0231053604436229,9
"471",1997,3,"Leptocottus armatus",0.0044849082836256,10
"472",1997,12,"Leptocottus armatus",0.00915541313801785,10
"473",1998,3,"Leptocottus armatus",0.00562651212513363,10
"474",1998,11,"Leptocottus armatus",0.0140082181546507,10
"475",1998,12,"Leptocottus armatus",0.0147877951397447,10
"476",1999,2,"Leptocottus armatus",0.00764789109403082,10
"477",1999,8,"Leptocottus armatus",0.00419058793948791,10
"478",1999,12,"Leptocottus armatus",0.00762747416193128,10
"479",2000,2,"Leptocottus armatus",0.00483792936623125,10
"480",2000,3,"Leptocottus armatus",0.00473574540632696,10
"481",2000,12,"Leptocottus armatus",0.0261028452101279,10
"482",2001,1,"Leptocottus armatus",0.0315438939753182,10
"483",2001,2,"Leptocottus armatus",0.0247096614776378,10
"484",2001,3,"Leptocottus armatus",0.0152183838076396,10
"485",2001,8,"Leptocottus armatus",0.0156519017060573,10
"486",2002,3,"Leptocottus armatus",0.0533617929562433,10
"487",2002,4,"Leptocottus armatus",0.00171909919202338,10
"488",2002,11,"Leptocottus armatus",0.0282725473565168,10
"489",2003,4,"Leptocottus armatus",0.0148214021046391,10
"490",2007,3,"Leptocottus armatus",0.0184552920549968,10
"491",2008,3,"Leptocottus armatus",0.0111744328975305,10
"492",2009,1,"Leptocottus armatus",0.184745315386646,10
"493",2010,3,"Leptocottus armatus",0.0377429703717683,10
"494",2011,1,"Leptocottus armatus",0.0225039719510494,10
"495",2012,2,"Leptocottus armatus",0.0410728895927869,10
"496",2012,9,"Leptocottus armatus",0.0205780878758433,10
"497",2013,3,"Leptocottus armatus",0.0173128131849146,10
"498",2013,4,"Leptocottus armatus",0.0285060763552359,10
"499",2013,8,"Leptocottus armatus",0.0206825232678387,10
"500",2014,2,"Leptocottus armatus",0.027920872248049,10
"501",2014,4,"Leptocottus armatus",0.0297130903991062,10
"502",2015,2,"Leptocottus armatus",0.0153350713080816,10
"503",2016,10,"Leptocottus armatus",0.0369685767097967,10
"504",2018,3,"Leptocottus armatus",0.0244755635360716,10
"505",2018,4,"Leptocottus armatus",0.015145826920024,10
"506",2018,11,"Leptocottus armatus",0.0563803796278895,10
"507",2019,3,"Leptocottus armatus",0.0227427791676143,10
"508",2019,10,"Leptocottus armatus",0.0402468473302925,10
"509",2020,3,"Leptocottus armatus",0.041920647567806,10
"510",2021,1,"Leptocottus armatus",0.0168019718030626,10
"511",2021,4,"Leptocottus armatus",0.0880925401563237,10
"512",2023,3,"Leptocottus armatus",0.0239878333709143,10
"513",1996,12,"Liparis fucensis",0.00537258905066351,11
"514",1998,8,"Liparis fucensis",0.00448088900837926,11
"515",1998,12,"Liparis fucensis",0.00884446999513554,11
"516",1999,2,"Liparis fucensis",0.0191197277350771,11
"517",1999,3,"Liparis fucensis",0.00386639112740872,11
"518",1999,4,"Liparis fucensis",0.00364471334329555,11
"519",1999,7,"Liparis fucensis",0.00422922393740749,11
"520",1999,10,"Liparis fucensis",0.00420097462611326,11
"521",2000,3,"Liparis fucensis",0.00473574540632696,11
"522",2000,4,"Liparis fucensis",0.00155082368263734,11
"523",2000,7,"Liparis fucensis",0.00656238786591772,11
"524",2000,8,"Liparis fucensis",0.00123011239333798,11
"525",2000,9,"Liparis fucensis",0.00124185035703198,11
"526",2001,2,"Liparis fucensis",0.0379939209726444,11
"527",2001,6,"Liparis fucensis",0.0119161105815062,11
"528",2002,4,"Liparis fucensis",0.000996344183891979,11
"529",2002,5,"Liparis fucensis",0.0019027302741723,11
"530",2002,7,"Liparis fucensis",0.00146579972128746,11
"531",2002,8,"Liparis fucensis",0.00400801603206413,11
"532",2003,3,"Liparis fucensis",0.0148170099273967,11
"533",2004,3,"Liparis fucensis",0.0140075640846057,11
"534",2004,5,"Liparis fucensis",0.0028011675266251,11
"535",2004,6,"Liparis fucensis",0.0155985086455363,11
"536",2004,8,"Liparis fucensis",0.00831462542612455,11
"537",2004,11,"Liparis fucensis",0.00365938449152853,11
"538",2005,5,"Liparis fucensis",0.00696391253416926,11
"539",2005,8,"Liparis fucensis",0.0174611489436005,11
"540",2006,5,"Liparis fucensis",0.00466036083054536,11
"541",2007,3,"Liparis fucensis",0.013646288209607,11
"542",2007,4,"Liparis fucensis",0.0102679946606428,11
"543",2007,5,"Liparis fucensis",0.0061952492600862,11
"544",2007,6,"Liparis fucensis",0.00726408308831816,11
"545",2007,7,"Liparis fucensis",0.00926131484238969,11
"546",2007,9,"Liparis fucensis",0.00739969701082224,11
"547",2008,2,"Liparis fucensis",0.0103809820409011,11
"548",2008,3,"Liparis fucensis",0.0138255219134522,11
"549",2009,3,"Liparis fucensis",0.0182715147085693,11
"550",2009,5,"Liparis fucensis",0.00771133072662285,11
"551",2009,7,"Liparis fucensis",0.0126274709971125,11
"552",2010,2,"Liparis fucensis",0.026984221293332,11
"553",2010,3,"Liparis fucensis",0.0187687687687688,11
"554",2010,6,"Liparis fucensis",0.0122225452081336,11
"555",2010,7,"Liparis fucensis",0.0239309765116866,11
"556",2010,8,"Liparis fucensis",0.00655613030964603,11
"557",2011,1,"Liparis fucensis",0.02390103061244,11
"558",2011,2,"Liparis fucensis",0.0495191688702697,11
"559",2011,6,"Liparis fucensis",0.0193581593209034,11
"560",2011,7,"Liparis fucensis",0.00717341505784058,11
"561",2011,8,"Liparis fucensis",0.00735134312420497,11
"562",2012,5,"Liparis fucensis",0.00973167343423457,11
"563",2012,7,"Liparis fucensis",0.0309685730920262,11
"564",2012,8,"Liparis fucensis",0.0235961583566503,11
"565",2012,10,"Liparis fucensis",0.026416924583907,11
"566",2012,11,"Liparis fucensis",0.0260055433416187,11
"567",2012,12,"Liparis fucensis",0.0252441870210547,11
"568",2013,3,"Liparis fucensis",0.0201076240469489,11
"569",2013,4,"Liparis fucensis",0.0153964588144727,11
"570",2013,12,"Liparis fucensis",0.0163078930202218,11
"571",2014,4,"Liparis fucensis",0.0190548780487805,11
"572",2014,10,"Liparis fucensis",0.0282805429864253,11
"573",2015,11,"Liparis fucensis",0.0234576589256392,11
"574",2016,1,"Liparis fucensis",0.0927643784786642,11
"575",2016,2,"Liparis fucensis",0.0130993197786415,11
"576",2016,5,"Liparis fucensis",0.0176087339320303,11
"577",2016,8,"Liparis fucensis",0.029086678301338,11
"578",2016,9,"Liparis fucensis",0.0433275563258232,11
"579",2016,10,"Liparis fucensis",0.0351232234630514,11
"580",2016,11,"Liparis fucensis",0.0161838485191779,11
"581",2017,1,"Liparis fucensis",0.023906287353574,11
"582",2017,2,"Liparis fucensis",0.0232997293366298,11
"583",2018,2,"Liparis fucensis",0.0202811766933338,11
"584",2018,3,"Liparis fucensis",0.0315960420322266,11
"585",2018,4,"Liparis fucensis",0.0144738746562455,11
"586",2019,10,"Liparis fucensis",0.0102072062876391,11
"587",2020,2,"Liparis fucensis",0.0428665657940824,11
"588",2020,5,"Liparis fucensis",0.0183678072585166,11
"589",2020,6,"Liparis fucensis",0.0158329434471009,11
"590",2020,8,"Liparis fucensis",0.0187401450262343,11
"591",2021,2,"Liparis fucensis",0.0183058078584338,11
"592",2021,4,"Liparis fucensis",0.0880925401563237,11
"593",2022,4,"Liparis fucensis",0.0209415312447646,11
"594",2023,2,"Liparis fucensis",0.0162016489343243,11
"595",2002,4,"Lipolagus ochotensis",0.00089156916075421,12
"596",2002,5,"Lipolagus ochotensis",0.000728892560739856,12
"597",2004,5,"Lipolagus ochotensis",0.0131833720147973,12
"598",2005,5,"Lipolagus ochotensis",0.00536989741462621,12
"599",2005,6,"Lipolagus ochotensis",0.00452484222725824,12
"600",2006,5,"Lipolagus ochotensis",0.0112719046055964,12
"601",2007,4,"Lipolagus ochotensis",0.0210965123245825,12
"602",2007,5,"Lipolagus ochotensis",0.00424547966988675,12
"603",2008,5,"Lipolagus ochotensis",0.00850045440624106,12
"604",2010,3,"Lipolagus ochotensis",0.024108817558934,12
"605",2010,6,"Lipolagus ochotensis",0.00711468299818433,12
"606",2011,5,"Lipolagus ochotensis",0.00773373062435598,12
"607",2011,6,"Lipolagus ochotensis",0.00625887779567892,12
"608",2012,5,"Lipolagus ochotensis",0.00948535046709996,12
"609",2015,3,"Lipolagus ochotensis",0.0386894034549317,12
"610",2015,4,"Lipolagus ochotensis",0.0158294168116577,12
"611",2015,11,"Lipolagus ochotensis",0.00710782571611344,12
"612",2016,2,"Lipolagus ochotensis",0.035459078410837,12
"613",2016,3,"Lipolagus ochotensis",0.035810205908684,12
"614",2017,2,"Lipolagus ochotensis",0.0204834896192764,12
"615",2017,5,"Lipolagus ochotensis",0.0105545827409599,12
"616",2017,8,"Lipolagus ochotensis",0.0297441998810232,12
"617",2018,2,"Lipolagus ochotensis",0.00777983103350682,12
"618",2018,5,"Lipolagus ochotensis",0.0127048659636641,12
"619",2019,2,"Lipolagus ochotensis",0.0223015165031222,12
"620",2019,4,"Lipolagus ochotensis",0.00606943432872056,12
"621",2021,5,"Lipolagus ochotensis",0.0167395032766083,12
"622",2022,8,"Lipolagus ochotensis",0.00567681226554765,12
"623",2023,4,"Lipolagus ochotensis",0.0134216757782427,12
"624",2023,5,"Lipolagus ochotensis",0.00659406600000659,12
"625",1997,12,"Lyopsetta exilis",0.247196154726482,13
"626",1998,3,"Lyopsetta exilis",0.00899563711599874,13
"627",1998,4,"Lyopsetta exilis",0.00818665575112566,13
"628",1999,4,"Lyopsetta exilis",0.00364471334329555,13
"629",1999,12,"Lyopsetta exilis",0.00761208799573723,13
"630",2000,4,"Lyopsetta exilis",0.00536274893190977,13
"631",2000,7,"Lyopsetta exilis",0.00285326678616141,13
"632",2000,8,"Lyopsetta exilis",0.00749761360192158,13
"633",2000,9,"Lyopsetta exilis",0.0028169014084507,13
"634",2001,4,"Lyopsetta exilis",0.0571646341463415,13
"635",2001,5,"Lyopsetta exilis",0.0551785421389709,13
"636",2001,8,"Lyopsetta exilis",0.0164609053497942,13
"637",2002,3,"Lyopsetta exilis",0.029300735605904,13
"638",2002,4,"Lyopsetta exilis",0.00597538623707321,13
"639",2002,5,"Lyopsetta exilis",0.0123447630167318,13
"640",2002,7,"Lyopsetta exilis",0.00753883464902013,13
"641",2004,5,"Lyopsetta exilis",0.00899340923111802,13
"642",2004,6,"Lyopsetta exilis",0.0198166085389398,13
"643",2005,3,"Lyopsetta exilis",0.0200080032012805,13
"644",2005,5,"Lyopsetta exilis",0.0146597220939686,13
"645",2005,6,"Lyopsetta exilis",0.00487700895412515,13
"646",2006,5,"Lyopsetta exilis",0.00430138726857074,13
"647",2006,9,"Lyopsetta exilis",0.00596802965900666,13
"648",2007,5,"Lyopsetta exilis",0.0273986849577654,13
"649",2007,6,"Lyopsetta exilis",0.0370730792224328,13
"650",2008,5,"Lyopsetta exilis",0.0139300382076008,13
"651",2008,6,"Lyopsetta exilis",0.0457240792635036,13
"652",2008,7,"Lyopsetta exilis",0.0056807853117615,13
"653",2009,3,"Lyopsetta exilis",0.0186360423628349,13
"654",2009,5,"Lyopsetta exilis",0.0305153424762561,13
"655",2009,6,"Lyopsetta exilis",0.0756388313876189,13
"656",2010,3,"Lyopsetta exilis",0.031720400844512,13
"657",2010,5,"Lyopsetta exilis",0.110549511983182,13
"658",2010,6,"Lyopsetta exilis",0.0367174780294763,13
"659",2010,7,"Lyopsetta exilis",0.0225326723749437,13
"660",2011,5,"Lyopsetta exilis",0.0251845761645907,13
"661",2011,6,"Lyopsetta exilis",0.0418457575396462,13
"662",2011,7,"Lyopsetta exilis",0.00777633411690164,13
"663",2012,2,"Lyopsetta exilis",0.0274179176091576,13
"664",2012,5,"Lyopsetta exilis",0.083327129543026,13
"665",2012,6,"Lyopsetta exilis",0.0671306587586282,13
"666",2012,8,"Lyopsetta exilis",0.011741223435482,13
"667",2013,5,"Lyopsetta exilis",0.0174276751481352,13
"668",2013,7,"Lyopsetta exilis",0.0164419598816179,13
"669",2014,4,"Lyopsetta exilis",0.0209476365115814,13
"670",2014,6,"Lyopsetta exilis",0.0395022713806044,13
"671",2014,7,"Lyopsetta exilis",0.0744787194311088,13
"672",2015,3,"Lyopsetta exilis",0.0409908057330549,13
"673",2015,4,"Lyopsetta exilis",0.0612276136537578,13
"674",2015,5,"Lyopsetta exilis",0.0195694716242661,13
"675",2015,6,"Lyopsetta exilis",0.0340650990824968,13
"676",2015,7,"Lyopsetta exilis",0.026267402153927,13
"677",2016,2,"Lyopsetta exilis",0.0226539049668687,13
"678",2016,4,"Lyopsetta exilis",0.0265745415891576,13
"679",2016,5,"Lyopsetta exilis",0.0451008196144652,13
"680",2016,6,"Lyopsetta exilis",0.0424538314582891,13
"681",2016,8,"Lyopsetta exilis",0.0185253797702853,13
"682",2017,4,"Lyopsetta exilis",0.0547495209416918,13
"683",2017,5,"Lyopsetta exilis",0.0199271365023886,13
"684",2017,7,"Lyopsetta exilis",0.089086859688196,13
"685",2017,8,"Lyopsetta exilis",0.0465549348230912,13
"686",2017,9,"Lyopsetta exilis",0.106837606837607,13
"687",2018,2,"Lyopsetta exilis",0.00854408749145591,13
"688",2018,3,"Lyopsetta exilis",0.0216998191681736,13
"689",2018,5,"Lyopsetta exilis",0.0469733480045391,13
"690",2018,7,"Lyopsetta exilis",0.0133779264214047,13
"691",2018,8,"Lyopsetta exilis",0.0202675314146737,13
"692",2019,4,"Lyopsetta exilis",0.0143545977810153,13
"693",2019,6,"Lyopsetta exilis",0.0417623721027354,13
"694",2019,7,"Lyopsetta exilis",0.0306842589751457,13
"695",2020,3,"Lyopsetta exilis",0.0183955995866739,13
"696",2020,4,"Lyopsetta exilis",0.0284707888600624,13
"697",2020,6,"Lyopsetta exilis",0.0229046195525514,13
"698",2021,5,"Lyopsetta exilis",0.0228056237787626,13
"699",2021,6,"Lyopsetta exilis",0.0208473271016503,13
"700",2022,4,"Lyopsetta exilis",0.0209415312447646,13
"701",2022,5,"Lyopsetta exilis",0.0327389331154308,13
"702",2022,7,"Lyopsetta exilis",0.0238280291630423,13
"703",2022,8,"Lyopsetta exilis",0.0239093654915837,13
"704",2023,3,"Lyopsetta exilis",0.0368582744061671,13
"705",2023,4,"Lyopsetta exilis",0.0219038212860561,13
"706",2023,5,"Lyopsetta exilis",0.0449269422284314,13
"707",2023,6,"Lyopsetta exilis",0.0681895654017012,13
"708",2023,7,"Lyopsetta exilis",0.16173752310536,13
"709",1997,4,"Microgadus proximus",0.0043956043956044,14
"710",1997,5,"Microgadus proximus",0.00623908160718742,14
"711",1998,1,"Microgadus proximus",0.00949261948834781,14
"712",1998,3,"Microgadus proximus",0.0213438701168513,14
"713",1998,5,"Microgadus proximus",0.00389741990802089,14
"714",1999,3,"Microgadus proximus",0.0208245770860307,14
"715",1999,4,"Microgadus proximus",0.00745109364505753,14
"716",2000,2,"Microgadus proximus",0.00483792936623125,14
"717",2000,3,"Microgadus proximus",0.00947149081265391,14
"718",2000,4,"Microgadus proximus",0.0326483864186208,14
"719",2000,7,"Microgadus proximus",0.00973101539884824,14
"720",2000,8,"Microgadus proximus",0.01318391562294,14
"721",2001,1,"Microgadus proximus",0.02928927304236,14
"722",2001,2,"Microgadus proximus",0.0644125338485227,14
"723",2001,4,"Microgadus proximus",0.0235904694503421,14
"724",2001,5,"Microgadus proximus",0.0311090371752994,14
"725",2002,3,"Microgadus proximus",0.132939501920845,14
"726",2002,4,"Microgadus proximus",0.0085954959601169,14
"727",2003,3,"Microgadus proximus",0.155851516010201,14
"728",2003,4,"Microgadus proximus",0.0165453342157512,14
"729",2004,5,"Microgadus proximus",0.00332588335461899,14
"730",2008,3,"Microgadus proximus",0.12442969722107,14
"731",2009,2,"Microgadus proximus",0.025974025974026,14
"732",2009,3,"Microgadus proximus",0.0950028500855026,14
"733",2012,4,"Microgadus proximus",0.0213006163776711,14
"734",2013,4,"Microgadus proximus",0.0570121527104718,14
"735",2013,7,"Microgadus proximus",0.0235624435384947,14
"736",2014,2,"Microgadus proximus",0.027920872248049,14
"737",2014,4,"Microgadus proximus",0.140672343646523,14
"738",2015,3,"Microgadus proximus",0.0259000259000259,14
"739",2016,3,"Microgadus proximus",0.0540442851123179,14
"740",2017,3,"Microgadus proximus",0.0427807486631016,14
"741",2017,4,"Microgadus proximus",0.0408055844186477,14
"742",2018,4,"Microgadus proximus",0.0144738746562455,14
"743",2019,3,"Microgadus proximus",0.0397699423657755,14
"744",2019,4,"Microgadus proximus",0.0105008925758689,14
"745",2020,2,"Microgadus proximus",0.143570115539982,14
"746",2020,3,"Microgadus proximus",0.0529208328109254,14
"747",2021,2,"Microgadus proximus",0.0628078579981639,14
"748",2021,3,"Microgadus proximus",0.0200304121386954,14
"749",2021,4,"Microgadus proximus",0.140257282003136,14
"750",2021,6,"Microgadus proximus",0.045068614712469,14
"751",2022,2,"Microgadus proximus",0.0185551133253546,14
"752",2022,3,"Microgadus proximus",0.0749098740577742,14
"753",2022,4,"Microgadus proximus",0.0209415312447646,14
"754",2023,2,"Microgadus proximus",0.0359924559812263,14
"755",2023,4,"Microgadus proximus",0.029309440277619,14
"756",2023,5,"Microgadus proximus",0.0417253429301622,14
"757",1997,2,"Microstomus pacificus",0.00425079702444208,15
"758",1997,8,"Microstomus pacificus",0.235341244804967,15
"759",1998,3,"Microstomus pacificus",0.0364066624192227,15
"760",1998,4,"Microstomus pacificus",0.00409332787556283,15
"761",1998,5,"Microstomus pacificus",0.00417048961548086,15
"762",1998,11,"Microstomus pacificus",0.043535045711798,15
"763",1999,4,"Microstomus pacificus",0.00764292265362275,15
"764",1999,8,"Microstomus pacificus",0.0042714963051557,15
"765",1999,9,"Microstomus pacificus",0.0203815424751345,15
"766",2000,4,"Microstomus pacificus",0.0481513327601032,15
"767",2000,8,"Microstomus pacificus",0.000530672893228614,15
"768",2002,4,"Microstomus pacificus",0.00126860282481136,15
"769",2002,5,"Microstomus pacificus",0.00334313348095804,15
"770",2002,7,"Microstomus pacificus",0.00141771376254962,15
"771",2002,8,"Microstomus pacificus",0.000668002672010688,15
"772",2002,9,"Microstomus pacificus",0.001056970721911,15
"773",2006,5,"Microstomus pacificus",0.00599621604392755,15
"774",2007,3,"Microstomus pacificus",0.00922764602749838,15
"775",2007,4,"Microstomus pacificus",0.0102679946606428,15
"776",2007,5,"Microstomus pacificus",0.00717792885950777,15
"777",2008,3,"Microstomus pacificus",0.0160430495340866,15
"778",2008,5,"Microstomus pacificus",0.0072025239892878,15
"779",2009,9,"Microstomus pacificus",0.00677702970996151,15
"780",2010,3,"Microstomus pacificus",0.0144970536661894,15
"781",2010,6,"Microstomus pacificus",0.00722053301807116,15
"782",2011,6,"Microstomus pacificus",0.00796897872806531,15
"783",2012,5,"Microstomus pacificus",0.0194633468684691,15
"784",2015,3,"Microstomus pacificus",0.0227014755959137,15
"785",2015,4,"Microstomus pacificus",0.0074399226248047,15
"786",2016,3,"Microstomus pacificus",0.0411607326610414,15
"787",2016,10,"Microstomus pacificus",0.0226295541977823,15
"788",2017,4,"Microstomus pacificus",0.0267558590644872,15
"789",2017,5,"Microstomus pacificus",0.0146707070776685,15
"790",2023,3,"Microstomus pacificus",0.0220627170778106,15
"791",2023,4,"Microstomus pacificus",0.0158242095600189,15
"792",1998,3,"Nannobrachium regale",0.00449781855799937,16
"793",2000,7,"Nannobrachium regale",0.00352546391111146,16
"794",2000,8,"Nannobrachium regale",0.00296539198751311,16
"795",2000,9,"Nannobrachium regale",0.000694339748567016,16
"796",2002,5,"Nannobrachium regale",0.0117681459602246,16
"797",2002,7,"Nannobrachium regale",0.00165112956946806,16
"798",2003,5,"Nannobrachium regale",0.0149835181300569,16
"799",2004,5,"Nannobrachium regale",0.00243673462880715,16
"800",2004,6,"Nannobrachium regale",0.00542073168485298,16
"801",2005,5,"Nannobrachium regale",0.00650238998547495,16
"802",2005,6,"Nannobrachium regale",0.0104583513619841,16
"803",2005,8,"Nannobrachium regale",0.00532718371768458,16
"804",2006,5,"Nannobrachium regale",0.0102427887864835,16
"805",2007,5,"Nannobrachium regale",0.0166395864728256,16
"806",2007,6,"Nannobrachium regale",0.0158674222864696,16
"807",2008,5,"Nannobrachium regale",0.00932763759084806,16
"808",2008,6,"Nannobrachium regale",0.00660719722694294,16
"809",2008,8,"Nannobrachium regale",0.00777743749721353,16
"810",2009,6,"Nannobrachium regale",0.012782927569196,16
"811",2010,4,"Nannobrachium regale",0.0194024058983314,16
"812",2010,5,"Nannobrachium regale",0.0273475102826639,16
"813",2010,6,"Nannobrachium regale",0.0203373763532116,16
"814",2010,8,"Nannobrachium regale",0.00654374888756269,16
"815",2011,6,"Nannobrachium regale",0.0461037714360054,16
"816",2011,7,"Nannobrachium regale",0.0197114879963385,16
"817",2012,5,"Nannobrachium regale",0.0141048642170826,16
"818",2012,7,"Nannobrachium regale",0.0182082201009646,16
"819",2015,3,"Nannobrachium regale",0.00576568265682657,16
"820",2015,4,"Nannobrachium regale",0.0257219124704262,16
"821",2015,8,"Nannobrachium regale",0.0219065400928174,16
"822",2015,11,"Nannobrachium regale",0.00710782571611344,16
"823",2016,5,"Nannobrachium regale",0.0178123056255564,16
"824",2016,11,"Nannobrachium regale",0.0161838485191779,16
"825",2017,5,"Nannobrachium regale",0.0249700361069683,16
"826",2018,5,"Nannobrachium regale",0.0249660675581173,16
"827",2021,5,"Nannobrachium regale",0.0300353010900772,16
"828",2022,8,"Nannobrachium regale",0.00567681226554765,16
"829",2023,4,"Nannobrachium regale",0.00987906054085881,16
"830",2023,5,"Nannobrachium regale",0.0151996006443925,16
"831",2023,8,"Nannobrachium regale",0.00913613294900667,16
"832",1999,2,"Ophiodon elongatus",0.0267676188291079,17
"833",1999,3,"Ophiodon elongatus",0.0164495328332675,17
"834",2000,2,"Ophiodon elongatus",0.00805023345677025,17
"835",2000,4,"Ophiodon elongatus",0.000698812019566737,17
"836",2001,2,"Ophiodon elongatus",0.0126984126984127,17
"837",2001,3,"Ophiodon elongatus",0.0149387511204063,17
"838",2002,4,"Ophiodon elongatus",0.00171909919202338,17
"839",2003,2,"Ophiodon elongatus",0.0818598559266536,17
"840",2004,3,"Ophiodon elongatus",0.0143225436837582,17
"841",2004,5,"Ophiodon elongatus",0.00665176670923797,17
"842",2006,2,"Ophiodon elongatus",0.0235626767200754,17
"843",2007,3,"Ophiodon elongatus",0.0196155355041193,17
"844",2008,2,"Ophiodon elongatus",0.0266014737384402,17
"845",2008,3,"Ophiodon elongatus",0.0223488657950609,17
"846",2009,2,"Ophiodon elongatus",0.0552028705492686,17
"847",2009,3,"Ophiodon elongatus",0.0181686046511628,17
"848",2010,5,"Ophiodon elongatus",0.0209073803052478,17
"849",2012,2,"Ophiodon elongatus",0.0421220055466257,17
"850",2013,3,"Ophiodon elongatus",0.0204983665137011,17
"851",2016,2,"Ophiodon elongatus",0.0220118864186661,17
"852",2017,2,"Ophiodon elongatus",0.0838184560869149,17
"853",2018,3,"Ophiodon elongatus",0.0142409569923099,17
"854",2019,3,"Ophiodon elongatus",0.0310993624630695,17
"855",2020,2,"Ophiodon elongatus",0.0342434766817823,17
"856",2020,4,"Ophiodon elongatus",0.0186748756440031,17
"857",2022,2,"Ophiodon elongatus",0.0185551133253546,17
"858",2023,3,"Ophiodon elongatus",0.0184291372030836,17
"859",1996,12,"Parophrys vetulus",0.0469686597246024,18
"860",1997,2,"Parophrys vetulus",0.223013987483392,18
"861",1997,3,"Parophrys vetulus",0.0185443253949483,18
"862",1997,4,"Parophrys vetulus",0.019328204428491,18
"863",1997,10,"Parophrys vetulus",0.0128262323358067,18
"864",1997,11,"Parophrys vetulus",0.048469482867902,18
"865",1998,3,"Parophrys vetulus",0.0903188395317376,18
"866",1998,4,"Parophrys vetulus",0.00363213714949877,18
"867",1998,9,"Parophrys vetulus",0.00743770918557084,18
"868",1998,11,"Parophrys vetulus",0.228800896525962,18
"869",1998,12,"Parophrys vetulus",0.0613622980577625,18
"870",1999,2,"Parophrys vetulus",0.0152957821880616,18
"871",1999,3,"Parophrys vetulus",0.134018860660229,18
"872",1999,10,"Parophrys vetulus",0.00840194925222652,18
"873",1999,12,"Parophrys vetulus",0.247885217179669,18
"874",2000,2,"Parophrys vetulus",0.0833298492770213,18
"875",2000,3,"Parophrys vetulus",0.0139724576190553,18
"876",2000,4,"Parophrys vetulus",0.00572372410571969,18
"877",2000,7,"Parophrys vetulus",0.00179083094555874,18
"878",2000,10,"Parophrys vetulus",0.0595145140331782,18
"879",2000,11,"Parophrys vetulus",0.880819701599856,18
"880",2000,12,"Parophrys vetulus",0.0652571130253198,18
"881",2001,1,"Parophrys vetulus",0.853627459838733,18
"882",2001,2,"Parophrys vetulus",0.477335071393065,18
"883",2001,3,"Parophrys vetulus",0.0760919190381981,18
"884",2001,9,"Parophrys vetulus",0.0169750466813784,18
"885",2001,10,"Parophrys vetulus",0.11671335200747,18
"886",2001,11,"Parophrys vetulus",0.0164880461665293,18
"887",2002,3,"Parophrys vetulus",0.457700208249622,18
"888",2002,4,"Parophrys vetulus",0.00218147133109191,18
"889",2002,9,"Parophrys vetulus",0.00524658971668416,18
"890",2002,10,"Parophrys vetulus",0.0268456375838926,18
"891",2002,11,"Parophrys vetulus",0.0848176420695505,18
"892",2003,2,"Parophrys vetulus",0.0693024367034564,18
"893",2004,1,"Parophrys vetulus",1.38152909547229,18
"894",2004,2,"Parophrys vetulus",0.459363957597173,18
"895",2004,3,"Parophrys vetulus",0.0168548794876117,18
"896",2004,5,"Parophrys vetulus",0.0076546107750085,18
"897",2004,11,"Parophrys vetulus",0.0117674746999294,18
"898",2005,1,"Parophrys vetulus",0.83281282531751,18
"899",2005,3,"Parophrys vetulus",0.117121604871634,18
"900",2006,2,"Parophrys vetulus",1.72886937431394,18
"901",2006,5,"Parophrys vetulus",0.00279892521271832,18
"902",2007,3,"Parophrys vetulus",0.0722637170057836,18
"903",2008,3,"Parophrys vetulus",0.208808020786392,18
"904",2009,1,"Parophrys vetulus",1.08624041677102,18
"905",2009,2,"Parophrys vetulus",0.783943648739618,18
"906",2009,3,"Parophrys vetulus",0.115372845748926,18
"907",2010,2,"Parophrys vetulus",0.629010468781129,18
"908",2010,3,"Parophrys vetulus",0.274048782137852,18
"909",2010,4,"Parophrys vetulus",0.0213480699419446,18
"910",2011,1,"Parophrys vetulus",1.22307170021922,18
"911",2011,2,"Parophrys vetulus",1.32101774527954,18
"912",2012,1,"Parophrys vetulus",0.0720022493502697,18
"913",2012,2,"Parophrys vetulus",0.205308698068009,18
"914",2012,3,"Parophrys vetulus",0.164642930644165,18
"915",2012,12,"Parophrys vetulus",0.464052815582679,18
"916",2013,1,"Parophrys vetulus",1.13855387872566,18
"917",2013,2,"Parophrys vetulus",0.375403235193484,18
"918",2013,3,"Parophrys vetulus",0.0279163942984328,18
"919",2013,4,"Parophrys vetulus",0.253120169506307,18
"920",2013,5,"Parophrys vetulus",0.0348553502962705,18
"921",2013,10,"Parophrys vetulus",0.0479951701722567,18
"922",2013,11,"Parophrys vetulus",0.278211809814196,18
"923",2013,12,"Parophrys vetulus",0.320034254208422,18
"924",2014,1,"Parophrys vetulus",0.0382409177820268,18
"925",2014,2,"Parophrys vetulus",0.111656989727557,18
"926",2014,10,"Parophrys vetulus",0.0507325437297426,18
"927",2014,11,"Parophrys vetulus",0.0165617754223253,18
"928",2015,1,"Parophrys vetulus",0.0433585054385264,18
"929",2015,2,"Parophrys vetulus",0.431425033096846,18
"930",2015,3,"Parophrys vetulus",0.0737541013163853,18
"931",2015,4,"Parophrys vetulus",0.0600600600600601,18
"932",2015,9,"Parophrys vetulus",0.0360547981035098,18
"933",2015,10,"Parophrys vetulus",0.0520156046814044,18
"934",2015,11,"Parophrys vetulus",0.0204540805890775,18
"935",2016,1,"Parophrys vetulus",1.62257081744821,18
"936",2016,2,"Parophrys vetulus",0.536067538427292,18
"937",2016,3,"Parophrys vetulus",0.0462621115462676,18
"938",2016,4,"Parophrys vetulus",0.0265745415891576,18
"939",2016,5,"Parophrys vetulus",0.0283848992336077,18
"940",2016,10,"Parophrys vetulus",0.0369685767097967,18
"941",2016,11,"Parophrys vetulus",0.16616325029032,18
"942",2016,12,"Parophrys vetulus",0.0294578528958233,18
"943",2017,1,"Parophrys vetulus",0.0969516594516595,18
"944",2017,2,"Parophrys vetulus",0.373178378650235,18
"945",2017,3,"Parophrys vetulus",0.0335717327584161,18
"946",2017,4,"Parophrys vetulus",0.0547495209416918,18
"947",2017,5,"Parophrys vetulus",0.0254388196387688,18
"948",2017,10,"Parophrys vetulus",0.136213740430222,18
"949",2017,12,"Parophrys vetulus",0.131341497029796,18
"950",2018,2,"Parophrys vetulus",0.338679337840819,18
"951",2018,3,"Parophrys vetulus",0.209366097899758,18
"952",2018,4,"Parophrys vetulus",0.101317122593718,18
"953",2018,9,"Parophrys vetulus",0.0465311108665378,18
"954",2018,10,"Parophrys vetulus",0.128452561433332,18
"955",2018,11,"Parophrys vetulus",0.131078040995118,18
"956",2018,12,"Parophrys vetulus",0.0237987304776216,18
"957",2019,1,"Parophrys vetulus",2.02503574456648,18
"958",2019,2,"Parophrys vetulus",0.0756620428751576,18
"959",2019,3,"Parophrys vetulus",0.259772183047119,18
"960",2019,9,"Parophrys vetulus",0.0111445447453472,18
"961",2019,10,"Parophrys vetulus",0.0340735392080187,18
"962",2019,11,"Parophrys vetulus",0.0598445852223458,18
"963",2019,12,"Parophrys vetulus",0.11516381023542,18
"964",2020,2,"Parophrys vetulus",2.18833869277506,18
"965",2020,3,"Parophrys vetulus",1.22087161532517,18
"966",2020,4,"Parophrys vetulus",0.0378082266820639,18
"967",2020,10,"Parophrys vetulus",0.181042543833956,18
"968",2020,12,"Parophrys vetulus",0.05466189431888,18
"969",2021,1,"Parophrys vetulus",0.408652698988921,18
"970",2021,2,"Parophrys vetulus",0.668793221591443,18
"971",2021,3,"Parophrys vetulus",0.0779107583626214,18
"972",2021,4,"Parophrys vetulus",0.104329483693625,18
"973",2021,5,"Parophrys vetulus",0.0271652467392196,18
"974",2021,10,"Parophrys vetulus",0.0245822552990124,18
"975",2021,11,"Parophrys vetulus",0.161376774424087,18
"976",2022,2,"Parophrys vetulus",0.165829509009126,18
"977",2022,3,"Parophrys vetulus",0.112364811086661,18
"978",2022,4,"Parophrys vetulus",0.0418830624895292,18
"979",2022,5,"Parophrys vetulus",0.0283953772325865,18
"980",2022,12,"Parophrys vetulus",0.0936338355228045,18
"981",2023,1,"Parophrys vetulus",0.574315060979292,18
"982",2023,2,"Parophrys vetulus",0.232815018565519,18
"983",2023,3,"Parophrys vetulus",0.0758632756360021,18
"984",2023,4,"Parophrys vetulus",0.00987906054085881,18
"985",2023,5,"Parophrys vetulus",0.0220492580424669,18
"986",1998,3,"Platichthys stellatus",0.0068870523415978,19
"987",2000,4,"Platichthys stellatus",0.0137575236457438,19
"988",2002,4,"Platichthys stellatus",0.0182750842529257,19
"989",2005,3,"Platichthys stellatus",0.0180570603105814,19
"990",2007,3,"Platichthys stellatus",0.040938864628821,19
"991",2008,2,"Platichthys stellatus",0.012278978388998,19
"992",2010,3,"Platichthys stellatus",0.0188714851858841,19
"993",2012,5,"Platichthys stellatus",0.0255769913478154,19
"994",2013,4,"Platichthys stellatus",0.0187265917602996,19
"995",2015,3,"Platichthys stellatus",0.0286532951289398,19
"996",2015,4,"Platichthys stellatus",0.0283929585462805,19
"997",2017,2,"Platichthys stellatus",0.014421690222094,19
"998",2019,3,"Platichthys stellatus",0.0483263410212824,19
"999",2020,3,"Platichthys stellatus",0.0279470983785373,19
"1000",2022,3,"Platichthys stellatus",0.0374549370288871,19
"1001",1997,2,"Psettichthys melanostictus",0.00850159404888417,20
"1002",1997,4,"Psettichthys melanostictus",0.0043956043956044,20
"1003",1997,5,"Psettichthys melanostictus",0.00623898818585197,20
"1004",1997,6,"Psettichthys melanostictus",0.0103382501003456,20
"1005",1998,1,"Psettichthys melanostictus",0.0047463097441739,20
"1006",1998,3,"Psettichthys melanostictus",0.0215841467914205,20
"1007",1998,4,"Psettichthys melanostictus",0.0218313856877174,20
"1008",1998,5,"Psettichthys melanostictus",0.0125114688464426,20
"1009",1998,6,"Psettichthys melanostictus",0.00995647918923469,20
"1010",1998,9,"Psettichthys melanostictus",0.00743770918557084,20
"1011",1999,2,"Psettichthys melanostictus",0.00764789109403082,20
"1012",1999,3,"Psettichthys melanostictus",0.019739439399921,20
"1013",1999,4,"Psettichthys melanostictus",0.0108888969547385,20
"1014",1999,10,"Psettichthys melanostictus",0.00420097462611326,20
"1015",2000,2,"Psettichthys melanostictus",0.00402511672838512,20
"1016",2000,4,"Psettichthys melanostictus",0.0103181427343078,20
"1017",2000,6,"Psettichthys melanostictus",0.0113049704186607,20
"1018",2000,9,"Psettichthys melanostictus",0.00563380281690141,20
"1019",2000,10,"Psettichthys melanostictus",0.0184433788270011,20
"1020",2001,1,"Psettichthys melanostictus",0.0210292626502122,20
"1021",2001,2,"Psettichthys melanostictus",0.0315000909192036,20
"1022",2001,3,"Psettichthys melanostictus",0.0152183838076396,20
"1023",2001,4,"Psettichthys melanostictus",0.0430064936893067,20
"1024",2001,5,"Psettichthys melanostictus",0.0933271115258983,20
"1025",2001,7,"Psettichthys melanostictus",0.0154059466954244,20
"1026",2001,10,"Psettichthys melanostictus",0.0968256123376452,20
"1027",2001,11,"Psettichthys melanostictus",0.0344059820203189,20
"1028",2002,3,"Psettichthys melanostictus",0.0833673876912182,20
"1029",2002,4,"Psettichthys melanostictus",0.187381811930548,20
"1030",2002,5,"Psettichthys melanostictus",0.024473973437122,20
"1031",2002,7,"Psettichthys melanostictus",0.014541224371092,20
"1032",2003,3,"Psettichthys melanostictus",0.0441266846371371,20
"1033",2003,4,"Psettichthys melanostictus",0.0578906295147766,20
"1034",2003,9,"Psettichthys melanostictus",0.05005005005005,20
"1035",2004,1,"Psettichthys melanostictus",0.0560852495793606,20
"1036",2004,3,"Psettichthys melanostictus",0.0454714978842754,20
"1037",2004,5,"Psettichthys melanostictus",0.0190065630755324,20
"1038",2004,6,"Psettichthys melanostictus",0.0036513674371052,20
"1039",2005,1,"Psettichthys melanostictus",0.0416406412658755,20
"1040",2005,3,"Psettichthys melanostictus",0.0280610619112217,20
"1041",2005,5,"Psettichthys melanostictus",0.00685701747168052,20
"1042",2005,8,"Psettichthys melanostictus",0.0173186885219548,20
"1043",2006,2,"Psettichthys melanostictus",0.0274423710208562,20
"1044",2007,3,"Psettichthys melanostictus",0.0369105841099935,20
"1045",2009,2,"Psettichthys melanostictus",0.110405741098537,20
"1046",2010,2,"Psettichthys melanostictus",0.166401155515785,20
"1047",2010,3,"Psettichthys melanostictus",0.134554942285644,20
"1048",2010,4,"Psettichthys melanostictus",0.0465874679711158,20
"1049",2010,5,"Psettichthys melanostictus",0.0572357891209416,20
"1050",2010,6,"Psettichthys melanostictus",0.0511162219031768,20
"1051",2010,8,"Psettichthys melanostictus",0.192115576730961,20
"1052",2011,1,"Psettichthys melanostictus",0.0771173316148925,20
"1053",2011,2,"Psettichthys melanostictus",0.02210433244916,20
"1054",2012,3,"Psettichthys melanostictus",0.102901831652603,20
"1055",2012,5,"Psettichthys melanostictus",0.0587889476778366,20
"1056",2012,6,"Psettichthys melanostictus",0.0674793689396896,20
"1057",2012,7,"Psettichthys melanostictus",0.0265317453519998,20
"1058",2013,1,"Psettichthys melanostictus",0.0723543627268912,20
"1059",2013,2,"Psettichthys melanostictus",0.108003374025405,20
"1060",2013,3,"Psettichthys melanostictus",0.0428939090649128,20
"1061",2013,4,"Psettichthys melanostictus",0.114024305420944,20
"1062",2013,7,"Psettichthys melanostictus",0.0633144079533027,20
"1063",2013,8,"Psettichthys melanostictus",0.108805048554253,20
"1064",2013,11,"Psettichthys melanostictus",0.030925016730434,20
"1065",2013,12,"Psettichthys melanostictus",0.0227703342958512,20
"1066",2014,2,"Psettichthys melanostictus",0.0223313979455114,20
"1067",2014,6,"Psettichthys melanostictus",0.160299225220411,20
"1068",2014,7,"Psettichthys melanostictus",0.0688811183372402,20
"1069",2014,9,"Psettichthys melanostictus",0.0269034167339252,20
"1070",2014,10,"Psettichthys melanostictus",0.101750101750102,20
"1071",2015,1,"Psettichthys melanostictus",0.0256770066440696,20
"1072",2015,2,"Psettichthys melanostictus",0.144953419186151,20
"1073",2015,3,"Psettichthys melanostictus",0.381287676728181,20
"1074",2015,4,"Psettichthys melanostictus",0.261209709634801,20
"1075",2015,5,"Psettichthys melanostictus",0.100092279710054,20
"1076",2015,6,"Psettichthys melanostictus",0.0227817963204732,20
"1077",2015,7,"Psettichthys melanostictus",0.052534804307854,20
"1078",2015,8,"Psettichthys melanostictus",0.0347332899831274,20
"1079",2015,9,"Psettichthys melanostictus",0.105207785376118,20
"1080",2015,10,"Psettichthys melanostictus",0.066794626274528,20
"1081",2016,1,"Psettichthys melanostictus",0.0694927032661571,20
"1082",2016,2,"Psettichthys melanostictus",0.135432387931259,20
"1083",2016,3,"Psettichthys melanostictus",0.0546788484650991,20
"1084",2016,4,"Psettichthys melanostictus",0.309614435375307,20
"1085",2016,5,"Psettichthys melanostictus",0.338349936055433,20
"1086",2016,6,"Psettichthys melanostictus",0.0250851336494161,20
"1087",2016,7,"Psettichthys melanostictus",0.0521164294827272,20
"1088",2017,2,"Psettichthys melanostictus",0.0447199619000827,20
"1089",2017,3,"Psettichthys melanostictus",0.0207072015830762,20
"1090",2017,4,"Psettichthys melanostictus",0.109499041883384,20
"1091",2017,5,"Psettichthys melanostictus",0.0328167154628797,20
"1092",2017,6,"Psettichthys melanostictus",0.0837754817090198,20
"1093",2017,7,"Psettichthys melanostictus",0.133630289532294,20
"1094",2017,8,"Psettichthys melanostictus",0.182513136201355,20
"1095",2017,10,"Psettichthys melanostictus",0.0193648334624322,20
"1096",2018,3,"Psettichthys melanostictus",0.0213029940813972,20
"1097",2018,4,"Psettichthys melanostictus",0.188160370531191,20
"1098",2018,5,"Psettichthys melanostictus",0.0845665961945032,20
"1099",2018,9,"Psettichthys melanostictus",0.0561482313307131,20
"1100",2018,10,"Psettichthys melanostictus",0.0136780194227876,20
"1101",2018,11,"Psettichthys melanostictus",0.0463974348483592,20
"1102",2019,3,"Psettichthys melanostictus",0.127307126643941,20
"1103",2019,4,"Psettichthys melanostictus",0.02844133032255,20
"1104",2019,7,"Psettichthys melanostictus",0.0433619698209608,20
"1105",2019,8,"Psettichthys melanostictus",0.0431500414944751,20
"1106",2019,9,"Psettichthys melanostictus",0.0111445447453472,20
"1107",2019,10,"Psettichthys melanostictus",0.0306216188629172,20
"1108",2020,2,"Psettichthys melanostictus",0.21527123928317,20
"1109",2020,3,"Psettichthys melanostictus",0.72662455784197,20
"1110",2020,5,"Psettichthys melanostictus",0.0183678072585166,20
"1111",2020,6,"Psettichthys melanostictus",0.0124624102550682,20
"1112",2020,7,"Psettichthys melanostictus",0.0170147284593963,20
"1113",2020,10,"Psettichthys melanostictus",0.038794830821562,20
"1114",2021,1,"Psettichthys melanostictus",0.0168019718030626,20
"1115",2021,2,"Psettichthys melanostictus",0.0811136658565977,20
"1116",2021,3,"Psettichthys melanostictus",0.0200304121386954,20
"1117",2021,4,"Psettichthys melanostictus",0.412653374240758,20
"1118",2021,5,"Psettichthys melanostictus",0.0446294095991682,20
"1119",2021,6,"Psettichthys melanostictus",0.0867632689157696,20
"1120",2021,9,"Psettichthys melanostictus",0.0318390219052471,20
"1121",2022,2,"Psettichthys melanostictus",0.0186435859073134,20
"1122",2022,3,"Psettichthys melanostictus",0.0374549370288871,20
"1123",2022,4,"Psettichthys melanostictus",0.0209415312447646,20
"1124",2022,5,"Psettichthys melanostictus",0.0565356015185976,20
"1125",2022,6,"Psettichthys melanostictus",0.0548322270931517,20
"1126",2022,7,"Psettichthys melanostictus",0.0428253642049731,20
"1127",2022,8,"Psettichthys melanostictus",0.0281344047993415,20
"1128",2022,9,"Psettichthys melanostictus",0.0831257498635352,20
"1129",2023,1,"Psettichthys melanostictus",0.0255498976726598,20
"1130",2023,2,"Psettichthys melanostictus",0.023380560506988,20
"1131",2023,3,"Psettichthys melanostictus",0.0326482137739192,20
"1132",2023,5,"Psettichthys melanostictus",0.0276075759901005,20
"1133",2023,6,"Psettichthys melanostictus",0.0360010004966789,20
"1134",2023,7,"Psettichthys melanostictus",0.0462107208872458,20
"1135",1997,2,"Ronquilus jordani",0.00425079702444208,21
"1136",1997,4,"Ronquilus jordani",0.0043956043956044,21
"1137",1997,5,"Ronquilus jordani",0.00695410292072323,21
"1138",1998,3,"Ronquilus jordani",0.0112530242502673,21
"1139",1999,2,"Ronquilus jordani",0.00382394554701541,21
"1140",2000,2,"Ronquilus jordani",0.00172158523568502,21
"1141",2002,4,"Ronquilus jordani",0.0348310693138279,21
"1142",2002,5,"Ronquilus jordani",0.00174560688932852,21
"1143",2004,3,"Ronquilus jordani",0.0972874027622024,21
"1144",2004,5,"Ronquilus jordani",0.00665176670923797,21
"1145",2006,5,"Ronquilus jordani",0.0021540675257088,21
"1146",2009,3,"Ronquilus jordani",0.0190005700171005,21
"1147",2010,3,"Ronquilus jordani",0.0204818711235068,21
"1148",2010,5,"Ronquilus jordani",0.0418147606104955,21
"1149",2012,3,"Ronquilus jordani",0.0120641814452889,21
"1150",2012,4,"Ronquilus jordani",0.0153775180685837,21
"1151",2012,5,"Ronquilus jordani",0.0293944738389183,21
"1152",2013,5,"Ronquilus jordani",0.0139227134986431,21
"1153",2015,4,"Ronquilus jordani",0.0384945636342284,21
"1154",2016,3,"Ronquilus jordani",0.0911115011373198,21
"1155",2017,3,"Ronquilus jordani",0.0393365046940067,21
"1156",2017,4,"Ronquilus jordani",0.109499041883384,21
"1157",2018,3,"Ronquilus jordani",0.0318688731386105,21
"1158",2018,4,"Ronquilus jordani",0.28947749312491,21
"1159",2019,2,"Ronquilus jordani",0.0335345405767941,21
"1160",2019,3,"Ronquilus jordani",0.0288199312940685,21
"1161",2019,4,"Ronquilus jordani",0.0262279674563518,21
"1162",2020,4,"Ronquilus jordani",0.0191333510380608,21
"1163",2021,2,"Ronquilus jordani",0.0296680334264867,21
"1164",2021,3,"Ronquilus jordani",0.0347033272005306,21
"1165",2021,4,"Ronquilus jordani",0.0880925401563237,21
"1166",2021,5,"Ronquilus jordani",0.00686798658380029,21
"1167",2022,2,"Ronquilus jordani",0.0185551133253546,21
"1168",2022,3,"Ronquilus jordani",0.068539449985441,21
"1169",2023,3,"Ronquilus jordani",0.0518840736990466,21
"1170",1997,4,"Ruscarius meanyi",0.0043956043956044,22
"1171",1999,2,"Ruscarius meanyi",0.00382394554701541,22
"1172",1999,10,"Ruscarius meanyi",0.00420097462611326,22
"1173",2000,4,"Ruscarius meanyi",0.00687876182287188,22
"1174",2002,4,"Ruscarius meanyi",0.00515729757607014,22
"1175",2004,5,"Ruscarius meanyi",0.00997765006385696,22
"1176",2004,8,"Ruscarius meanyi",0.0212404418011895,22
"1177",2007,3,"Ruscarius meanyi",0.013646288209607,22
"1178",2010,2,"Ruscarius meanyi",0.0271444082519001,22
"1179",2010,6,"Ruscarius meanyi",0.0457980306846806,22
"1180",2010,8,"Ruscarius meanyi",0.00785715071429357,22
"1181",2012,8,"Ruscarius meanyi",0.011741223435482,22
"1182",2015,4,"Ruscarius meanyi",0.0153069034134395,22
"1183",2016,5,"Ruscarius meanyi",0.0567697984672154,22
"1184",2019,7,"Ruscarius meanyi",0.0153421294875729,22
"1185",2020,3,"Ruscarius meanyi",0.0698677459463432,22
"1186",2020,7,"Ruscarius meanyi",0.0170147284593963,22
"1187",2022,4,"Ruscarius meanyi",0.0209415312447646,22
"1188",2023,5,"Ruscarius meanyi",0.0179775927284233,22
"1189",1997,2,"Scorpaenichthys marmoratus",0.00425079702444208,23
"1190",1998,3,"Scorpaenichthys marmoratus",0.0168795363754009,23
"1191",1998,5,"Scorpaenichthys marmoratus",0.00389741990802089,23
"1192",2001,5,"Scorpaenichthys marmoratus",0.0170299727520436,23
"1193",2002,3,"Scorpaenichthys marmoratus",0.0266808964781217,23
"1194",2003,10,"Scorpaenichthys marmoratus",0.0127469725940089,23
"1195",2004,1,"Scorpaenichthys marmoratus",0.0173641257162702,23
"1196",2005,2,"Scorpaenichthys marmoratus",0.0260926288323549,23
"1197",2006,2,"Scorpaenichthys marmoratus",0.0117813383600377,23
"1198",2007,3,"Scorpaenichthys marmoratus",0.0227117874176698,23
"1199",2008,3,"Scorpaenichthys marmoratus",0.0111744328975305,23
"1200",2010,2,"Scorpaenichthys marmoratus",0.0278318953520735,23
"1201",2010,3,"Scorpaenichthys marmoratus",0.0193760899050572,23
"1202",2012,1,"Scorpaenichthys marmoratus",0.0222848177993297,23
"1203",2012,7,"Scorpaenichthys marmoratus",0.0309685730920262,23
"1204",2013,3,"Scorpaenichthys marmoratus",0.0285959393766085,23
"1205",2014,2,"Scorpaenichthys marmoratus",0.015477020339281,23
"1206",2015,1,"Scorpaenichthys marmoratus",0.0428041629592412,23
"1207",2015,2,"Scorpaenichthys marmoratus",0.0232342007434944,23
"1208",2015,3,"Scorpaenichthys marmoratus",0.0221722461836446,23
"1209",2015,4,"Scorpaenichthys marmoratus",0.0253678335870117,23
"1210",2015,9,"Scorpaenichthys marmoratus",0.0376506024096386,23
"1211",2015,10,"Scorpaenichthys marmoratus",0.0260078023407022,23
"1212",2015,11,"Scorpaenichthys marmoratus",0.0204540805890775,23
"1213",2016,4,"Scorpaenichthys marmoratus",0.0486144871171609,23
"1214",2016,12,"Scorpaenichthys marmoratus",0.0585388920582894,23
"1215",2017,2,"Scorpaenichthys marmoratus",0.0243724104313917,23
"1216",2017,3,"Scorpaenichthys marmoratus",0.0200240288346015,23
"1217",2018,2,"Scorpaenichthys marmoratus",0.0703843284268684,23
"1218",2018,3,"Scorpaenichthys marmoratus",0.0508599758917378,23
"1219",2019,1,"Scorpaenichthys marmoratus",0.0259201658890617,23
"1220",2019,10,"Scorpaenichthys marmoratus",0.0111919418019026,23
"1221",2020,2,"Scorpaenichthys marmoratus",0.0498846417659163,23
"1222",2020,3,"Scorpaenichthys marmoratus",0.019212879084514,23
"1223",2021,2,"Scorpaenichthys marmoratus",0.0296680334264867,23
"1224",2022,2,"Scorpaenichthys marmoratus",0.0196526382750751,23
"1225",2022,4,"Scorpaenichthys marmoratus",0.0209415312447646,23
"1226",2022,5,"Scorpaenichthys marmoratus",0.0210413799778645,23
"1227",2023,2,"Scorpaenichthys marmoratus",0.0182307690702924,23
"1228",1997,4,"Stenobrachius leucopsarus",0.0764087870105062,24
"1229",1997,5,"Stenobrachius leucopsarus",0.0221035181433045,24
"1230",1998,3,"Stenobrachius leucopsarus",0.0301964128238219,24
"1231",1998,4,"Stenobrachius leucopsarus",0.00401022033112103,24
"1232",1998,9,"Stenobrachius leucopsarus",0.00465831275911865,24
"1233",1999,2,"Stenobrachius leucopsarus",0.0114718366410462,24
"1234",1999,3,"Stenobrachius leucopsarus",0.0621495693192065,24
"1235",2000,2,"Stenobrachius leucopsarus",0.00858044433629113,24
"1236",2000,4,"Stenobrachius leucopsarus",0.00129682584619052,24
"1237",2000,7,"Stenobrachius leucopsarus",0.0497185876377089,24
"1238",2000,8,"Stenobrachius leucopsarus",0.0557093949165916,24
"1239",2000,9,"Stenobrachius leucopsarus",0.0059722196585428,24
"1240",2002,3,"Stenobrachius leucopsarus",0.0171379605826907,24
"1241",2002,4,"Stenobrachius leucopsarus",0.0283508651842681,24
"1242",2002,5,"Stenobrachius leucopsarus",0.0756851528260611,24
"1243",2002,7,"Stenobrachius leucopsarus",0.0269315861417826,24
"1244",2002,9,"Stenobrachius leucopsarus",0.00272570693805465,24
"1245",2003,1,"Stenobrachius leucopsarus",0.0160901045856798,24
"1246",2003,2,"Stenobrachius leucopsarus",0.0135814206165965,24
"1247",2003,3,"Stenobrachius leucopsarus",0.0357451442382804,24
"1248",2004,1,"Stenobrachius leucopsarus",0.0245462841054908,24
"1249",2004,3,"Stenobrachius leucopsarus",0.0323834196891192,24
"1250",2004,5,"Stenobrachius leucopsarus",0.0807864071905867,24
"1251",2004,6,"Stenobrachius leucopsarus",0.0157737918233223,24
"1252",2004,8,"Stenobrachius leucopsarus",0.0140188790747426,24
"1253",2005,1,"Stenobrachius leucopsarus",0.0416406412658755,24
"1254",2005,3,"Stenobrachius leucopsarus",0.0180570603105814,24
"1255",2005,5,"Stenobrachius leucopsarus",0.0764222849236157,24
"1256",2005,6,"Stenobrachius leucopsarus",0.143415717652403,24
"1257",2005,8,"Stenobrachius leucopsarus",0.00771585594310037,24
"1258",2005,10,"Stenobrachius leucopsarus",0.00765561567443419,24
"1259",2006,2,"Stenobrachius leucopsarus",0.205817782656422,24
"1260",2006,5,"Stenobrachius leucopsarus",0.140918423958372,24
"1261",2006,8,"Stenobrachius leucopsarus",0.00648529221441346,24
"1262",2007,3,"Stenobrachius leucopsarus",0.0108178849658862,24
"1263",2007,4,"Stenobrachius leucopsarus",0.0969194668163834,24
"1264",2007,5,"Stenobrachius leucopsarus",0.228232951265934,24
"1265",2007,6,"Stenobrachius leucopsarus",0.0929853891154972,24
"1266",2007,7,"Stenobrachius leucopsarus",0.0183064290202649,24
"1267",2007,8,"Stenobrachius leucopsarus",0.0132763854514541,24
"1268",2007,9,"Stenobrachius leucopsarus",0.00739969701082224,24
"1269",2008,3,"Stenobrachius leucopsarus",0.104784062568319,24
"1270",2008,5,"Stenobrachius leucopsarus",0.089335598572276,24
"1271",2008,6,"Stenobrachius leucopsarus",0.0604199042434893,24
"1272",2008,7,"Stenobrachius leucopsarus",0.0148585718715025,24
"1273",2008,8,"Stenobrachius leucopsarus",0.0443038043852482,24
"1274",2009,1,"Stenobrachius leucopsarus",0.0550838348106989,24
"1275",2009,2,"Stenobrachius leucopsarus",0.028137310073157,24
"1276",2009,3,"Stenobrachius leucopsarus",0.0238379022646007,24
"1277",2009,5,"Stenobrachius leucopsarus",0.0488968312937375,24
"1278",2009,6,"Stenobrachius leucopsarus",0.103322154581125,24
"1279",2009,7,"Stenobrachius leucopsarus",0.00968489393979097,24
"1280",2009,8,"Stenobrachius leucopsarus",0.0074913165071816,24
"1281",2009,9,"Stenobrachius leucopsarus",0.011388238870902,24
"1282",2010,2,"Stenobrachius leucopsarus",0.249947405359936,24
"1283",2010,3,"Stenobrachius leucopsarus",0.0876885239649657,24
"1284",2010,4,"Stenobrachius leucopsarus",0.13581684128832,24
"1285",2010,6,"Stenobrachius leucopsarus",0.257256029716836,24
"1286",2010,7,"Stenobrachius leucopsarus",0.0804734060651271,24
"1287",2010,8,"Stenobrachius leucopsarus",0.0141178441106772,24
"1288",2011,1,"Stenobrachius leucopsarus",0.10698673157258,24
"1289",2011,3,"Stenobrachius leucopsarus",0.287158281644843,24
"1290",2011,5,"Stenobrachius leucopsarus",0.133778262699488,24
"1291",2011,6,"Stenobrachius leucopsarus",0.386462666360221,24
"1292",2011,7,"Stenobrachius leucopsarus",0.0909824685764011,24
"1293",2012,1,"Stenobrachius leucopsarus",0.0266743709531598,24
"1294",2012,2,"Stenobrachius leucopsarus",0.0210610027733128,24
"1295",2012,3,"Stenobrachius leucopsarus",0.0194326223680396,24
"1296",2012,4,"Stenobrachius leucopsarus",0.0241340854941529,24
"1297",2012,5,"Stenobrachius leucopsarus",0.0490216977444633,24
"1298",2012,7,"Stenobrachius leucopsarus",0.261369539694621,24
"1299",2012,8,"Stenobrachius leucopsarus",0.0558581203742494,24
"1300",2012,9,"Stenobrachius leucopsarus",0.00843844471025545,24
"1301",2012,12,"Stenobrachius leucopsarus",0.0311227798496422,24
"1302",2013,1,"Stenobrachius leucopsarus",0.0202949359280447,24
"1303",2013,2,"Stenobrachius leucopsarus",0.128482782793175,24
"1304",2013,4,"Stenobrachius leucopsarus",0.0155134967421657,24
"1305",2013,12,"Stenobrachius leucopsarus",0.0260929828663037,24
"1306",2014,1,"Stenobrachius leucopsarus",0.0410174524068664,24
"1307",2014,2,"Stenobrachius leucopsarus",0.065718249190615,24
"1308",2014,4,"Stenobrachius leucopsarus",0.0456807899487644,24
"1309",2014,5,"Stenobrachius leucopsarus",0.0186497575531518,24
"1310",2014,6,"Stenobrachius leucopsarus",0.0234027615258601,24
"1311",2015,2,"Stenobrachius leucopsarus",0.134900751589902,24
"1312",2015,3,"Stenobrachius leucopsarus",0.122621616657908,24
"1313",2015,4,"Stenobrachius leucopsarus",0.246028649039115,24
"1314",2015,11,"Stenobrachius leucopsarus",0.00710782571611344,24
"1315",2016,1,"Stenobrachius leucopsarus",0.104239054899236,24
"1316",2016,2,"Stenobrachius leucopsarus",0.187240797951674,24
"1317",2016,3,"Stenobrachius leucopsarus",0.224749398108808,24
"1318",2016,4,"Stenobrachius leucopsarus",0.045475216007276,24
"1319",2016,5,"Stenobrachius leucopsarus",0.111392294400513,24
"1320",2017,2,"Stenobrachius leucopsarus",0.0958154599487656,24
"1321",2017,3,"Stenobrachius leucopsarus",0.0266937994728734,24
"1322",2017,4,"Stenobrachius leucopsarus",0.0215762208743255,24
"1323",2017,5,"Stenobrachius leucopsarus",0.574630048780687,24
"1324",2017,8,"Stenobrachius leucopsarus",0.0947401248578053,24
"1325",2018,2,"Stenobrachius leucopsarus",0.0588414648049433,24
"1326",2018,3,"Stenobrachius leucopsarus",0.0107371150241839,24
"1327",2018,4,"Stenobrachius leucopsarus",0.0791139240506329,24
"1328",2018,5,"Stenobrachius leucopsarus",0.185113953166536,24
"1329",2018,8,"Stenobrachius leucopsarus",0.0783152660028845,24
"1330",2019,2,"Stenobrachius leucopsarus",0.0669045495093666,24
"1331",2019,3,"Stenobrachius leucopsarus",0.0151603649879978,24
"1332",2019,4,"Stenobrachius leucopsarus",0.0378426786923856,24
"1333",2020,2,"Stenobrachius leucopsarus",0.0428819636780237,24
"1334",2020,3,"Stenobrachius leucopsarus",0.0383244070817558,24
"1335",2020,5,"Stenobrachius leucopsarus",0.0183678072585166,24
"1336",2021,1,"Stenobrachius leucopsarus",0.0444743159006578,24
"1337",2021,2,"Stenobrachius leucopsarus",0.0366116157168677,24
"1338",2021,3,"Stenobrachius leucopsarus",0.0165117637429211,24
"1339",2021,5,"Stenobrachius leucopsarus",0.0883937627099011,24
"1340",2021,9,"Stenobrachius leucopsarus",0.00887342940299567,24
"1341",2022,2,"Stenobrachius leucopsarus",0.0196526382750751,24
"1342",2022,4,"Stenobrachius leucopsarus",0.00972744725103135,24
"1343",2022,5,"Stenobrachius leucopsarus",0.119918270830138,24
"1344",2022,8,"Stenobrachius leucopsarus",0.0143139350558281,24
"1345",2023,1,"Stenobrachius leucopsarus",0.0224068547049914,24
"1346",2023,2,"Stenobrachius leucopsarus",0.0491268478358548,24
"1347",2023,3,"Stenobrachius leucopsarus",0.0239878333709143,24
"1348",2023,4,"Stenobrachius leucopsarus",0.101301033020245,24
"1349",2023,5,"Stenobrachius leucopsarus",0.286110414720965,24
"1350",2023,8,"Stenobrachius leucopsarus",0.0182722658980133,24
"1351",1998,3,"Tarletonbeania crenularis",0.00455083280240284,25
"1352",1998,6,"Tarletonbeania crenularis",0.00392711278667923,25
"1353",2000,4,"Tarletonbeania crenularis",0.00343938091143594,25
"1354",2000,7,"Tarletonbeania crenularis",0.0183638712320204,25
"1355",2000,8,"Tarletonbeania crenularis",0.007527431143379,25
"1356",2000,9,"Tarletonbeania crenularis",0.0101214379483011,25
"1357",2002,4,"Tarletonbeania crenularis",0.0007417980417121,25
"1358",2002,5,"Tarletonbeania crenularis",0.0147764853386822,25
"1359",2002,7,"Tarletonbeania crenularis",0.00567735898423092,25
"1360",2002,9,"Tarletonbeania crenularis",0.00124486493215486,25
"1361",2004,5,"Tarletonbeania crenularis",0.00764699319912563,25
"1362",2004,6,"Tarletonbeania crenularis",0.00197293138144655,25
"1363",2004,8,"Tarletonbeania crenularis",0.0148658570891783,25
"1364",2005,5,"Tarletonbeania crenularis",0.0385018187073767,25
"1365",2005,6,"Tarletonbeania crenularis",0.0402219925660296,25
"1366",2005,8,"Tarletonbeania crenularis",0.0116161116932816,25
"1367",2005,10,"Tarletonbeania crenularis",0.0126232781150035,25
"1368",2006,5,"Tarletonbeania crenularis",0.00560497695023088,25
"1369",2006,8,"Tarletonbeania crenularis",0.0119940358697115,25
"1370",2006,9,"Tarletonbeania crenularis",0.00557665426931809,25
"1371",2007,5,"Tarletonbeania crenularis",0.00576276896954552,25
"1372",2007,6,"Tarletonbeania crenularis",0.00726408308831816,25
"1373",2007,7,"Tarletonbeania crenularis",0.0147006906310955,25
"1374",2007,9,"Tarletonbeania crenularis",0.00730919526776568,25
"1375",2008,5,"Tarletonbeania crenularis",0.0284536600048904,25
"1376",2008,6,"Tarletonbeania crenularis",0.0528575778155435,25
"1377",2008,8,"Tarletonbeania crenularis",0.011941222766568,25
"1378",2008,9,"Tarletonbeania crenularis",0.00600281660168964,25
"1379",2009,5,"Tarletonbeania crenularis",0.00791663460811233,25
"1380",2009,6,"Tarletonbeania crenularis",0.0394075167351448,25
"1381",2009,9,"Tarletonbeania crenularis",0.0233878248947838,25
"1382",2010,2,"Tarletonbeania crenularis",0.0254553730080172,25
"1383",2010,6,"Tarletonbeania crenularis",0.0382449415520212,25
"1384",2010,7,"Tarletonbeania crenularis",0.00642067766400337,25
"1385",2010,8,"Tarletonbeania crenularis",0.00675150647946553,25
"1386",2011,5,"Tarletonbeania crenularis",0.0158119633385179,25
"1387",2011,6,"Tarletonbeania crenularis",0.060622390926683,25
"1388",2011,7,"Tarletonbeania crenularis",0.0328524799938975,25
"1389",2011,9,"Tarletonbeania crenularis",0.0220916165849719,25
"1390",2012,7,"Tarletonbeania crenularis",0.0310735595885108,25
"1391",2012,9,"Tarletonbeania crenularis",0.00843844471025545,25
"1392",2012,12,"Tarletonbeania crenularis",0.0186132888498567,25
"1393",2013,1,"Tarletonbeania crenularis",0.0241181209089637,25
"1394",2014,10,"Tarletonbeania crenularis",0.0203500203500203,25
"1395",2014,11,"Tarletonbeania crenularis",0.014757929514895,25
"1396",2015,3,"Tarletonbeania crenularis",0.00656961319097043,25
"1397",2015,4,"Tarletonbeania crenularis",0.0510200693189986,25
"1398",2015,5,"Tarletonbeania crenularis",0.0195694716242661,25
"1399",2015,8,"Tarletonbeania crenularis",0.0197696071194856,25
"1400",2015,11,"Tarletonbeania crenularis",0.0462901858706484,25
"1401",2016,2,"Tarletonbeania crenularis",0.00595912043382397,25
"1402",2016,3,"Tarletonbeania crenularis",0.035810205908684,25
"1403",2016,5,"Tarletonbeania crenularis",0.0340251786321878,25
"1404",2016,8,"Tarletonbeania crenularis",0.0113417262107293,25
"1405",2017,2,"Tarletonbeania crenularis",0.022439199920608,25
"1406",2017,3,"Tarletonbeania crenularis",0.0200240288346015,25
"1407",2017,5,"Tarletonbeania crenularis",0.163207640873633,25
"1408",2017,8,"Tarletonbeania crenularis",0.0105652403592182,25
"1409",2017,12,"Tarletonbeania crenularis",0.00911660133102379,25
"1410",2018,2,"Tarletonbeania crenularis",0.0318835805919764,25
"1411",2018,5,"Tarletonbeania crenularis",0.0676584409540979,25
"1412",2018,8,"Tarletonbeania crenularis",0.0471924985324715,25
"1413",2018,11,"Tarletonbeania crenularis",0.0328795949233905,25
"1414",2019,4,"Tarletonbeania crenularis",0.0135676853547963,25
"1415",2019,11,"Tarletonbeania crenularis",0.019512291369195,25
"1416",2021,5,"Tarletonbeania crenularis",0.0364728244909851,25
"1417",2022,8,"Tarletonbeania crenularis",0.0201126517133347,25
"1418",2023,2,"Tarletonbeania crenularis",0.0271678593356915,25
"1419",2023,4,"Tarletonbeania crenularis",0.0169642910156267,25
"1420",2023,5,"Tarletonbeania crenularis",0.0100568773613467,25
"1421",2023,8,"Tarletonbeania crenularis",0.0274809334240675,25
